"","address","city","state","zip","longitude","latitude"
"1","793 W. Bel Air Avenue","
Aberdeen","MD","21001",-76.188459,39.523216
"2","3018 CatClaw Dr","
Abilene","TX","79606",-99.778765,32.413489
"3","3501 West Lake Rd","
Abilene","TX","79601",-99.722688,32.491357
"4","184 North Point Way","
Acworth","GA","30102",-84.656087,34.082039
"5","2828 East Arlington Street","
Ada","OK","74820",-96.636515,34.781805
"6","14925 Landmark Blvd","
Addison","TX","75254",-96.82874,32.951644
"7","Carretera Panamericana Sur KM 12","
Aguascalientes","AG","20345",-102.276329,21.755585
"8","909 East Frontage Rd","
Alamo","TX","78516",-98.119251,26.189974
"9","2116 Yale Blvd Southeast","
Albuquerque","NM","87106",-106.621731,35.058154
"10","7439 Pan American Fwy Northeast","
Albuquerque","NM","87109",-106.588759,35.160862
"11","2011 Menaul Blvd Northeast","
Albuquerque","NM","87107",-106.621918,35.110676
"12","5241 San Antonio Dr Northeast","
Albuquerque","NM","87109",-106.585234,35.160262
"13","6101 Iliff Rd Northwest","
Albuquerque","NM","87121",-106.708359,35.103537
"14","6116 West Calhoun Dr","
Alexandria","LA","71303",-92.521641,31.345904
"15","2400 East Main St","
Alice","TX","78332",-98.043509,27.764255
"16","1220 North Central Expressway","
Allen","TX","75013",-96.667392,33.116742
"17","1165 Hwy 67W","
Alvarado","TX","76009",-97.223768,32.414902
"18","880 South Loop 35","
Alvin","TX","77511",-95.230114,29.417545
"19","1708 Interstate 40 East","
Amarillo","TX","79103",-101.818769,35.192004
"20","9305 East Interstate 40","
Amarillo","TX","79118",-101.731491,35.193716
"21","2108 S Coulter St","
Amarillo","TX","79106",-101.921947,35.189119
"22","1752 Clementine St","
Anaheim","CA","92802",-117.909934,33.804336
"23","3501 Minnesota Dr.","
Anchorage","AK","99503",-149.911896,61.188425
"24","131 River Rd","
Andover","MA","01810",-71.208835,42.690716
"25","1012 NE 1st Place","
Andrews","TX","79714",-102.548602,32.329328
"26","2400 West Mulberry St","
Angleton","TX","77515",-95.457995,29.162936
"27","3800 West College Ave","
Appleton","WI","54914",-88.462334,44.262343
"28","1502 Woerz Way","
Ardmore","OK","73401",-97.16337,34.18978
"29","825 North Watson Rd","
Arlington","TX","76011",-97.065655,32.754999
"30","94 Business Park Dr","
Armonk","NY","10504",-73.70732,41.120988
"31","2207 West Main Street","
Artesia","NM","88210",-104.423782,32.841684
"32","6909 Atascocita Rd.","
Humble","TX","77346",-95.173552,29.996108
"33","1200 Virginia Ave","
Atlanta","GA","30344",-84.428622,33.658159
"34","4820 Massachusetts Blvd","
Atlanta","GA","30337",-84.45413,33.62373
"35","1350 North Point Dr","
Alpharetta","GA","30022",-84.289212,34.050777
"36","1184 Dogwood Dr SE","
Conyers","GA","30012",-84.005762,33.654899
"37","1000 Linnenkohl Dr","
Douglasville","GA","30134",-84.75943,33.731487
"38","2370 Stephens Center Dr","
Duluth","GA","30096",-84.092387,33.975076
"39","2535 Chantilly Dr Northeast","
Atlanta","GA","30324",-84.349433,33.823624
"40","2415 Paces Ferry Rd Southeast","
Atlanta","GA","30339",-84.483304,33.862991
"41","6260 Peachtree Dunwoody Rd","
Atlanta","GA","30328",-84.351476,33.923017
"42","575 Old Holcomb Bridge Rd","
Roswell","GA","30076",-84.328818,34.024387
"43","600 Bullsboro Dr","
Newnan","GA","30265",-84.758117,33.397119
"44","3581 Cameron Pkwy","
Stockbridge","GA","30281",-84.274346,33.553188
"45","446 Southbridge St","
Auburn","MA","01501",-71.841529,42.199433
"46","225 6th Street South East","
Auburn","WA","98002",-122.227077,47.302127
"47","3020 Washington Rd","
Augusta","GA","30907",-82.046295,33.512282
"48","7625 East Ben White Blvd","
Austin","TX","78741",-97.691821,30.217562
"49","300 East 11th St","
Austin","TX","78701",-97.7385,30.27219
"50","10701 Lakeline Mall Dr","
Austin","TX","78717",-97.792153,30.475715
"51","1010 East Whitestone Blvd","
Cedar Park","TX","78613",-97.817846,30.52437
"52","11901 North Mopac Expwy","
Austin","TX","78759",-97.718674,30.406888
"53","7622 I-35 North","
Austin","TX","78752",-97.702027,30.339111
"54","1603 East Oltorf Blvd","
Austin","TX","78741",-97.740332,30.233463
"55","2004 North I-35","
Round Rock","TX","78681",-97.691897,30.52977
"56","4200 I-35 South","
Austin","TX","78745",-97.753277,30.21475
"57","4424 South Mopac Expwy","
Austin","TX","78735",-97.817447,30.240884
"58","5812 N Interstate Hwy 35","
Austin","TX","78751",-97.707833,30.319791
"59","8858 Spectrum Park Way","
Bakersfield","CA","93308",-119.0763,35.44045
"60","3232 Riverside Dr","
Bakersfield","CA","93308",-119.042383,35.383269
"61","1734 West Nursery Rd","
Linthicum","MD","21090",-76.685058,39.197228
"62","200 West Saratoga Street","
Baltimore","MD","21201",-76.618319,39.293078
"63","4 Philadelphia Ct","
Baltimore","MD","21237",-76.490684,39.338264
"64","6323 Ritchie Hwy","
Glen Burnie","MD","21061",-76.61359,39.20314
"65","8200 Park Road","
Batavia","NY","14020",-78.19307,43.017308
"66","1617 Oneal Ln","
Baton Rouge","LA","70816",-91.007632,30.446422
"67","2720 N Westport Drive","
Port Allen","LA","70767",-91.239695,30.447357
"68","10555 Reiger Rd","
Baton Rouge","LA","70809",-91.063721,30.382409
"69","2333 South Acadian Thruway","
Baton Rouge","LA","70808",-91.150534,30.425949
"70","5300 7th St","
Bay City","TX","77414",-95.928454,28.989119
"71","5820 Walden Rd","
Beaumont","TX","77707",-94.16126,30.038825
"72","2062 HWY 59 E","
Beeville","TX","78102",-97.72453,28.411948
"73","6445 Jackrabbit Lane","
Belgrade","MT","59714",-111.187371,45.764264
"74","1063 W. Bakerview Rd.","
Bellingham","WA","98226",-122.509771,48.789278
"75","229 West Loop 121","
Belton","TX","76513",-97.476861,31.030284
"76","61200 South Hwy 97","
Bend","OR","97702",-121.315628,44.021764
"77","1001 Southeast Walton","
Bentonville","AR","72712",-94.199379,36.335778
"78","920 University Ave","
Berkeley","CA","94710",-122.2956,37.868382
"79","1102 IH 20 West","
Big Spring","TX","79720",-101.496334,32.263475
"80","5720 S. Frontage Rd.","
Billings","MT","59101",-108.560494,45.747138
"81","957 Cedar Lake Rd","
Biloxi","MS","39532",-88.935659,30.445751
"82","581 Harry L. Dr","
Johnson City","NY","13790",-75.97092,42.124717
"83","513 Cahaba Park Circle","
Birmingham","AL","35242",-86.708318,33.430991
"84","60 State Farm Pkwy","
Homewood","AL","35209",-86.81964,33.455237
"85","120 Riverchase Pkwy East","
Birmingham","AL","35244",-86.783656,33.353175
"86","2240 North 12th Street","
Bismarck","ND","58501",-100.77363,46.829646
"87","3402 North West Jefferson St","
Blue Springs","MO","64015",-94.304078,39.035186
"88","2613 S. Vista Ave.","
Boise","ID","83705",-116.214351,43.57857
"89","7965 W. Emerald Street","
Boise","ID","83704",-116.281134,43.610716
"90","28600 Trails Edge Blvd","
Bonita Springs","FL","34134",-81.806759,26.320198
"91","165 Hwy 105 Extension","
Boone","NC","28607",-81.668812,36.215502
"92","309 Preston Blvd","
Bossier City","LA","71111",-93.712905,32.518181
"93","23 Cummings St","
Somerville","MA","02145",-71.08477,42.394494
"94","14221 Highway 90","
Boutte","LA","70039",-90.412395,29.889892
"95","1953 Mel Browning St","
Bowling Green","KY","42104",-86.418253,36.930559
"96","620 Nikles Dr","
Bozeman","MT","59715",-111.045599,45.698645
"97","215 Dande Rd","
Brandon","MS","39042",-90.035571,32.276105
"98","2950 Wood Ridge Blvd","
Brenham","TX","77833",-96.395518,30.137301
"99","108 Texas Ave","
Bridge City","TX","77611",-93.849335,30.017066
"100","2000 10th St","
Bridgeport","TX","76426",-97.756935,33.221609
"101","451 W Albany St","
Broken Arrow","OK","74012",-95.795626,36.074951
"102","1229 Atlantic Ave.","
Brooklyn","NY","11216",-73.950257,40.678809
"103","533 3rd Ave","
Brooklyn","NY","11215",-73.99303,40.669041
"104","1412 Pitkin Ave","
Brooklyn","NY","11233",-73.921544,40.668313
"105","721 FM 1489","
Brookshire","TX","77423",-95.966842,29.777448
"106","104 Sweetland Avenue","
Broussard","LA","70518",-91.948915,30.143272
"107","5051 North Expressway","
Brownsville","TX","78520",-97.519053,25.979766
"108","103 Market Place Blvd","
Brownwood","TX","76801",-98.978984,31.730065
"109","165 Warren Mason Blvd","
Brunswick","GA","31520",-81.523385,31.217181
"110","3 Centerpointe Dr","
La Palma","CA","90623",-118.031399,33.860411
"111","6619 Transit Rd","
Williamsville","NY","14221",-78.69662,42.9479
"112","225 East Alsbury Blvd","
Burleson","TX","76028",-97.316203,32.563868
"113","1 Holiday Park Drive","
Butte","MT","59701",-112.502603,45.98376
"114","901 Specht Ave","
Caldwell","ID","83605",-116.6616,43.661903
"115","150 Cracker Barrel Dr","
Calhoun","GA","30701",-84.915397,34.470756
"116","Av. Tulum Mza. 14 S.M. 4 Lote 2","
Cancun","QR","77500",-86.824616,21.151911
"117","152 Soldiers Colony Rd","
Canton","MS","39046",-90.068155,32.601797
"118","5335 Broadmoor Circle Northwest","
Canton","OH","44709",-81.417823,40.857813
"119","55 Hampton Park Blvd","
Capitol Heights","MD","20743",-76.853506,38.888787
"120","4020 National Parks Highway","
Carlsbad","NM","88220",-104.231304,32.372932
"121","400 West F St","
Casper","WY","82601",-106.33081,42.857451
"122","884 Park St.","
Castle Rock","CO","80109",-104.865564,39.379098
"123","Ejercito Nacional 8211","Col
Partido Iglesias
Juarez","CH","32528",-106.410146,31.69713
"124","1377 South Main Street","
Cedar City","UT","84720",-113.078844,37.653952
"125","1419 N.US Hwy 67","
Cedar Hill","TX","75104",-96.91822,32.616565
"126","1220 Park Place NE","
Cedar Rapids","IA","52402",-91.653626,42.030827
"127","1777 LaRue Dr.","
Central Point","OR","97502",-122.901017,42.377109
"128","199 Walker Rd","
Chambersburg","PA","17201",-77.633376,39.932577
"129","1900 Center Dr","
Champaign","IL","61820",-88.244699,40.138506
"130","11 Ashley Pointe Dr","
Charleston","SC","29407",-79.962519,32.776676
"131","3127 Sloan Dr","
Charlotte","NC","28208",-80.920878,35.240873
"132","4900 South Tryon St","
Charlotte","NC","28217",-80.891167,35.178952
"133","1803 Emmet St N","
Charlottesville","VA","22901",-78.494269,38.060571
"134","6650 Ringgold Rd.","
East Ridge","TN","37412",-85.200638,34.989669
"135","7017 Shallowford Rd","
Chattanooga","TN","37421",-85.158114,35.044501
"136","311 Browns Ferry Rd.","
Chattanooga","TN","37419",-85.362667,35.030106
"137","5000 New Country Drive","
Hixson","TN","37343",-85.240859,35.120277
"138","7051 McCutcheon Rd.","
Chattanooga","TN","37421",-85.15515,35.046216
"139","2410 West Lincolnway","
Cheyenne","WY","82009",-104.847583,41.120203
"140","One South Franklin","
Chicago","IL","60606",-87.635308,41.881555
"141","5688 Northridge Dr","
Gurnee","IL","60031",-87.944161,42.377958
"142","4900A S. Lake Shore Drive","
Chicago","IL","60615",-87.585842,41.806149
"143","2000 South Lakeside Dr","
Bannockburn","IL","60015",-87.884592,42.196657
"144","1900 East Oakton St","
Elk Grove Village","IL","60007",-87.958449,42.022537
"145","1 South 666 Midwest Rd","
Oakbrook Terrace","IL","60181",-87.973575,41.847782
"146","7255 West 183rd St","
Tinley Park","IL","60477",-87.794183,41.557432
"147","855 79th St","
Willowbrook","IL","60527",-87.943136,41.745026
"148","350 Meijer Dr","
Florence","KY","41042",-84.635646,39.01189
"149","12150 Springfield Pike","
Springdale","OH","45246",-84.484772,39.300295
"150","9918 Escort Dr","
Mason","OH","45040",-84.317231,39.294134
"151","11029 Dowlin Dr","
Cincinnati","OH","45241",-84.438924,39.272016
"152","774 S Lynn Riggs Blvd","
Claremore","OK","74017",-95.623071,36.302921
"153","251 Holiday Drive","
Clarksville","TN","37040",-87.280687,36.595634
"154","520 West Bay Area Blvd","
Webster","TX","77598",-95.133855,29.545224
"155","3301 Ulmerton Rd","
Clearwater","FL","33762",-82.678522,27.894745
"156","21338 US Hwy 19 North","
Clearwater","FL","33765",-82.731203,27.966329
"157","5000 Lake Blvd","
Clearwater","FL","33760",-82.702368,27.866735
"158","107 East Kilpatrick Ave","
Cleburne","TX","76031",-97.394941,32.370162
"159","4222 West 150 St","
Cleveland","OH","44135",-81.804382,41.440044
"160","25105 Country Club Blvd","
North Olmsted","OH","44070",-81.905163,41.414013
"161","6161 Quarry Ln","
Independence","OH","44131",-81.649205,41.394121
"162","268 East Highland Rd","
Macedonia","OH","44056",-81.51709,41.299033
"163","130 Interstate Dr. NW","
Cleveland","TN","37312",-84.89023,35.19401
"164","1004 Hwy 59 South","
Cleveland","TX","77327",-95.09886,30.331694
"165","1749 Route 9","
Clifton Park","NY","12065",-73.772059,42.870927
"166","265 Rte 3 East","
Clifton","NJ","07014",-74.13415,40.827397
"167","2715 Chapman Road","
Clinton","OK","73601",-98.992745,35.494229
"168","4521 North Prince St","
Clovis","NM","88101",-103.196299,34.443976
"169","1126 South Hwy 332 West","
Clute","TX","77531",-95.412173,29.010345
"170","1 Hendry Ave","
Cocoa Beach","FL","32931",-80.603058,28.368703
"171","1275 North Atlantic Ave","
Cocoa Beach","FL","32931",-80.610777,28.333593
"172","333 W Ironwood Dr.","
Coeur d Alene","ID","83814",-116.790947,47.696874
"173","1838 Graham Road","
College Station","TX","77845",-96.283495,30.579473
"174","607 Texas Ave","
College Station","TX","77840",-96.333332,30.627416
"175","6 Gateway Drive","
Collinsville","IL","62234",-90.016968,38.682857
"176","880 East I-20","
Colorado City","TX","79512",-100.84643,32.409952
"177","4385 Sinton Rd","
Colorado Springs","CO","80907",-104.829652,38.895653
"178","8155 N Academy Blvd","
Colorado Springs","CO","80920",-104.803975,38.950545
"179","2750 Geyser Dr","
Colorado Springs","CO","80906",-104.798017,38.792243
"180","7300 Crestmount Rd","
Jessup","MD","20794",-76.788753,39.171241
"181","1538 Horseshoe Dr","
Columbia","SC","29223",-80.946795,34.076073
"182","7333 Garners Ferry Rd","
Columbia","SC","29209",-80.950136,33.969967
"183","2500 Interstate 70 Dr Southwest","
Columbia","MO","65203",-92.37588,38.96832
"184","2447 Brice Rd","
Reynoldsburg","OH","43068",-82.83178,39.936288
"185","6145 Parkcenter Cir","
Dublin","OH","43017",-83.133174,40.077369
"186","101 Carrie Lane","
Columbus","IN","47201",-85.960945,39.198966
"187","1711 Rollins Way","
Columbus","GA","31904",-84.971236,32.536073
"188","3201 Macon Rd Suite A","
Columbus","GA","31906",-84.941343,32.483085
"189","2919 Warm Springs Rd","
Columbus","GA","31909",-84.948231,32.505224
"190","5510 Trabue Rd","
Columbus","OH","43228",-83.146319,39.980607
"191","2427 Hwy 71 South","
Columbus","TX","78934",-96.538698,29.690313
"192","4006 Sprayberry Ln","
Conroe","TX","77303",-95.48315,30.367483
"193","2350 Sanders Road","
Conway","AR","72032",-92.437121,35.111584
"194","1131 South Jefferson Ave","
Cookeville","TN","38501",-85.50473,36.133118
"195","3701 University Dr","
Coral Springs","FL","33065",-80.249797,26.274424
"196","546 South Padre Island Dr","
Corpus Christi","TX","78405",-97.460103,27.756736
"197","14430 South Padre Island Drive","
Corpus Christi","TX","78418",-97.221232,27.620967
"198","5155 I-37 North","
Corpus Christi","TX","78408",-97.45181,27.80309
"199","10446 IH37 Access Rd","
Corpus Christi","TX","78410",-97.571619,27.8477
"200","201 Buddy Ganem Drive","
Portland","TX","78374",-97.310534,27.898401
"201","6225 South Padre Island Dr","
Corpus Christi","TX","78412",-97.358856,27.701641
"202","2020 Regal Dr","
Corsicana","TX","75109",-96.440311,32.100185
"203","677 N. Baylor Ave.","
Cotulla","TX","78014",-99.244899,28.444643
"204","4 Universal Blvd","
Coventry","RI","02816",-71.549986,41.662895
"205","9159 Access Rd NW","
Covington","GA","30014",-83.883751,33.608474
"206","2054 St. Joseph Drive","
Cullman","AL","35058",-86.8737453,34.2094288
"207","27130 Hwy 290","
Cypress","TX","77429",-95.720083,29.981833
"208","801 Liberal Street","
Dalhart","TX","79022",-102.514407,36.069353
"209","4001 Scots Legacy Dr","
Arlington","TX","76015",-97.123011,32.678811
"210","13175 North Central Expressway","
Dallas","TX","75243",-96.763272,32.92832
"211","4850 West John Carpenter Frwy","
Irving","TX","75063",-97.015725,32.917773
"212","302 S. Houston St.","
Dallas","TX","75202",-96.807075,32.777244
"213","380 E Palace Parkway","
Grand Prairie","TX","75050",-97.006275,32.7613
"214","2131 West I-20","
Grand Prairie","TX","75052",-97.032093,32.675316
"215","1000 Dowdy Ferry Rd","
Hutchins","TX","75141",-96.705499,32.649274
"216","2421 Walnut Hill Lane","
Dallas","TX","75229",-96.896675,32.882208
"217","4225 North MacArthur Blvd","
Irving","TX","75038",-96.959806,32.865663
"218","8300 John W. Carpenter Fwy.","
Dallas","TX","75247",-96.876888,32.822708
"219","118 East US Hwy 80","
Mesquite","TX","75149",-96.59466,32.78878
"220","10001 North Central Expressway","
Dallas","TX","75231",-96.770662,32.883259
"221","1310 Marketplace Dr.","
Garland","TX","75041",-96.647886,32.85924
"222","4800 West Plano Pkwy","
Plano","TX","75093",-96.792346,33.015717
"223","4440 North Central Expressway","
Dallas","TX","75206",-96.786536,32.819817
"224","715 College Dr","
Dalton","GA","30720",-85.002815,34.768674
"225","116 Newtown Rd","
Danbury","CT","06810",-73.407007,41.415971
"226","3330 East Kimberly Rd","
Davenport","IA","52807",-90.52328,41.55219
"227","1771 Research Park Dr","
Davis","CA","95618",-121.731177,38.540847
"228","19 Weller Dr","
Tipp City","OH","45371",-84.191801,39.962593
"229","2725 W. International Speedway Blvd","
Daytona Beach","FL","32114",-81.081998,29.173332
"230","918 Beltline Rd Southwest","
Decatur","AL","35601",-87.002116,34.56093
"231","1405 South Hwy 287","
Decatur","TX","76234",-97.58883,33.22082
"232","1400 East Blvd","
Deer Park","TX","77536",-95.099553,29.699042
"233","351 West Hillsboro Blvd","
Deerfield Beach","FL","33441",-80.109547,26.319618
"234","100 Southwest 12th Ave","
Deerfield Beach","FL","33442",-80.11924,26.31657
"235","2005 Veterans Blvd","
Del Rio","TX","78840",-100.905443,29.383947
"236","4300 East Pine St","
Deming","NM","88030",-107.71328,32.2716
"237","801 US Highway 75 North","
Denison","TX","75020",-96.58695,33.76482
"238","4465 North I-35","
Denton","TX","76207",-97.176624,33.236448
"239","6801 Tower Rd","
Denver","CO","80249",-104.772169,39.820158
"240","1011 South Abilene St","
Aurora","CO","80012",-104.826631,39.69831
"241","902 West Dillon Rd","
Louisville","CO","80027",-105.162113,39.958948
"242","3500 Park Ave West","
Denver","CO","80216",-104.994244,39.766273
"243","1975 South Colorado Blvd","
Denver","CO","80222",-104.940977,39.680346
"244","9009 East Arapahoe Rd","
Greenwood Village","CO","80112",-104.884464,39.596035
"245","4460 Peoria Street","
Denver","CO","80239",-104.845888,39.776908
"246","3301 Youngfield Service Rd","
Golden","CO","80401",-105.144802,39.76366
"247","345 West 120th Ave","
Westminster","CO","80234",-104.991338,39.914681
"248","7190 West Hampden Ave","
Lakewood","CO","80227",-105.076236,39.65237
"249","7077 South Clinton St","
Greenwood Village","CO","80112",-104.878801,39.588303
"250","8701 Turnpike Dr","
Westminster","CO","80030",-105.051831,39.852979
"251","1390 Northwest 118th St","
Clive","IA","50325",-93.77979,41.602503
"252","641 North I-35 East","
DeSoto","TX","75115",-96.824712,32.601089
"253","41211 Ford Rd","
Canton","MI","48187",-83.446988,42.321593
"254","30847 Flynn Dr","
Romulus","MI","48174",-83.341765,42.243165
"255","12888 Reeck Rd","
Southgate","MI","48195",-83.226277,42.213395
"256","45311 Park Ave","
Utica","MI","48315",-83.010265,42.628264
"257","4105 West Airport Fwy","
Irving","TX","75062",-97.00747,32.837684
"258","1809 Hwy 121","
Bedford","TX","76021",-97.122387,32.839528
"259","431 Airport Fwy","
Euless","TX","76040",-97.089123,32.836208
"260","552 12th Street West","
Dickinson","ND","58601",-102.79322,46.894962
"261","2400 West Wyatt Earp Blvd","
Dodge City","KS","67801",-100.047327,37.754532
"262","3593 Ross Clark Circle","
Dothan","AL","36303",-85.426361,31.248682
"263","6275 Dublin Blvd","
Dublin","CA","94568",-121.907895,37.706195
"264","101 Travel Center Blvd","
Dublin","GA","31021",-82.93876,32.48694
"265","1805 Maple Grove Road","
Duluth","MN","55811",-92.164386,46.810138
"266","1912 South Dumas Ave","
Dumas","TX","79029",-101.975216,35.842221
"267","125 Mercury Village Dr","
Durango","CO","81303",-107.869085,37.239903
"268","417 Criswell Blvd","
Durant","OK","74701",-96.405721,34.001634
"269","4414 Durham Chapel Hill Blvd","
Durham","NC","27707",-78.972184,35.964604
"270","1910 Westpark Dr","
Durham","NC","27713",-78.891445,35.907959
"271","2525 E. Main St","
Eagle Pass","TX","78852",-100.475012,28.709991
"272","10150 IH 20","
Eastland","TX","76448",-98.791702,32.4005
"273","2112B Emmorton Park Rd","
Edgewood","MD","21040",-76.309775,39.453739
"274","200 Meline Dr.","
Edmond","OK","73034",-97.4283,35.65176
"275","1103 Avenue of Mid America","
Effingham","IL","62401",-88.560206,39.139006
"276","2303 Junction City Rd","
El Dorado","AR","71730",-92.640297,33.197247
"277","6140 Gateway Blvd E","
El Paso","TX","79905",-106.40824,31.780982
"278","7620 North Mesa","
El Paso","TX","79912",-106.567476,31.838966
"279","9125 Gateway West","
El Paso","TX","79925",-106.366363,31.766203
"280","7944 Gateway East","
El Paso","TX","79915",-106.346905,31.751991
"281","11033 Gateway Blvd West","
El Paso","TX","79935",-106.333346,31.745869
"282","7550 Remcon Circle","
El Paso","TX","79912",-106.567593,31.837635
"283","210 Commerce Dr","
Elizabethtown","KY","42701",-85.832856,37.709165
"284","2611 E Hwy 66","
Elk City","OK","73644",-99.37393,35.422829
"285","101 Crossing Shopping Mall","
Elkview","WV","25071",-81.500492,38.456907
"286","540 Saw Mill River Rd","
Elmsford","NY","10523",-73.817392,41.07352
"287","1591 Great Basin Blvd","
Ely","NV","89301",-114.87072,39.2466
"288","2930 Eaglecrest Drive","
Emporia","KS","66801",-96.218974,38.421794
"289","4914 W. Owen K Garriott Rd","
Enid","OK","73703",-97.938471,36.391411
"290","110 South Sonoma Trail","
Ennis","TX","75119",-96.614224,32.336097
"291","7820 Perry Hwy","
Erie","PA","16509",-80.041027,42.070789
"292","155 Day Island Rd","
Eugene","OR","97401",-123.080698,44.05829
"293","8015 East Division St","
Evansville","IN","47715",-87.454931,37.978519
"294","12619 4th Ave West","
Everett","WA","98204",-122.23404,47.88329
"295","4920 Dale Rd","
Fairbanks","AK","99709",-147.865998,64.824256
"296","2540 University Blvd.","
Fairborn","OH","45324",-84.064157,39.774836
"297","316 Pittman Road","
Fairfield","CA","94534",-122.127576,38.219468
"298","38 Two Bridges Rd","
Fairfield","NJ","07004",-74.2733,40.89288
"299","1010 West Commerce St","
Fairfield","TX","75840",-96.177374,31.726433
"300","4317 Rockaway Beach Blvd.","
Far Rockaway","NY","11692",-73.775194,40.593548
"301","2355 46th St South","
Fargo","ND","58104",-96.863968,46.842647
"302","675 Scott Ave","
Farmington","NM","87401",-108.191533,36.729928
"303","720 E. Millsap Rd","
Fayetteville","AR","72703",-94.147177,36.115165
"304","1001 Veterans Blvd","
Festus","MO","63028",-90.403732,38.214334
"305","2015 South Beulah
Blvd","
Flagstaff","AZ","86001",-111.663615,35.180382
"306","2123 West Lucas Street","
Florence","SC","29501",-79.804776,34.234608
"307","1910 10th Street","
Floresville","TX","78114",-98.145322,29.134948
"308","400 Russell Parkway","
Forsyth","GA","31029",-83.940985,33.044017
"309","3709 East Mulberry St","
Fort Collins","CO","80524",-105.008447,40.580898
"310","5070 North State Rd 7","
Fort Lauderdale","FL","33319",-80.202869,26.188224
"311","9521 Market Pl Rd","
Fort Myers","FL","33912",-81.79743,26.54926
"312","4850 South Cleveland Ave","
Fort Myers","FL","33907",-81.8722,26.59
"313","6700 Boston St","
Fort Smith","AR","72903",-94.359042,35.354308
"314","1537 North Hwy 285","
Fort Stockton","TX","79735",-102.908379,30.898494
"315","3 Miracle Strip Pkwy SW","
Fort Walton Beach","FL","32548",-86.613645,30.404151
"316","8250 Anderson Blvd","
Fort Worth","TX","76120",-97.174065,32.761208
"317","5800 Quebec St","
Fort Worth","TX","76135",-97.424719,32.802729
"318","653 N.E. Loop 820","
Hurst","TX","76053",-97.207912,32.82124
"319","4700 North Fwy","
Fort Worth","TX","76137",-97.31149,32.826286
"320","4900 Bryant Irvin Rd","
Fort Worth","TX","76132",-97.416347,32.678391
"321","7310 Calmont Avenue","
Fort Worth","TX","76116",-97.442961,32.734523
"322","190 N. 10th Street","
Fowler","CA","93625",-119.683948,36.627923
"323","2150 W Holiday Rd","
Frankfort","IN","46041",-86.545326,40.277811
"324","1465 East Main St","
Fredericksburg","TX","78624",-98.849192,30.253999
"325","46200 Landing Pkwy","
Fremont","CA","94538",-121.944883,37.488862
"326","5077 North Cornelia Ave","
Fresno","CA","93722",-119.880572,36.809946
"327","330 East Fir Ave","
Fresno","CA","93720",-119.7833294999,36.8394719
"328","2926 Tulare","
Fresno","CA","93721",-119.780076,36.740459
"329","570 Raptor Rd","
Fruita","CO","81521",-108.739489,39.153285
"330","2620 North 26th Ave","
Hollywood","FL","33020",-80.160383,26.036387
"331","999 West Cypress Creek Rd","
Fort Lauderdale","FL","33309",-80.157355,26.203442
"332","5727 North Federal Hwy","
Fort Lauderdale","FL","33308",-80.11096,26.19822
"333","8101 Peters Rd","
Plantation","FL","33324",-80.255596,26.106215
"334","3800 West Commercial Blvd","
Fort Lauderdale","FL","33309",-80.200029,26.186181
"335","20091 Summerlin Rd","
Fort Myers","FL","33908",-81.968744,26.493299
"336","2655 Crossroads Pkwy","
Fort Pierce","FL","34945",-80.396533,27.417443
"337","2902 East Dupont Rd","
Fort Wayne","IN","46825",-85.105537,41.178818
"338","3346 Forest Hill Circle","
Ft. Worth","TX","76140",-97.27201,32.659996
"339","1207 Boots Blvd","
Fultondale","AL","35068",-86.800624,33.611033
"340","920 Northwest 69th Terrace","
Gainesville","FL","32605",-82.416679,29.661696
"341","4201 North I-35","
Gainesville","TX","76240",-97.15279,33.6741
"342","3880 East Hwy 66","
Gallup","NM","87301",-108.665584,35.531371
"343","1402 Seawall Blvd","
Galveston","TX","77550",-94.77983,29.296808
"344","821 Stewart Ave","
Garden City","NY","11530",-73.603514,40.733909
"345","375 E. I-30","
Garland","TX","75043",-96.573204,32.849749
"346","450 E Boxelder Rd","
Gillette","WY","82718",-105.498311,44.27636
"347","101 West BO Gibbs Blvd","
Glen Rose","TX","76043",-97.757828,32.238341
"348","1717 N Merrill Avenue","
Glendive","MT","59330",-104.69671,47.12243
"349","1631 Water Street","
Gonzales","TX","78629",-97.462424,29.51254
"350","2816 S. Cabelas","
Gonzales","LA","70737",-90.950388,30.207711
"351","120 South Cartwright Court","
Goodlettsville","TN","37072",-86.705931,36.322419
"352","880 Harbor Lakes Dr","
Granbury","TX","76048",-97.765955,32.435192
"353","4051 Garden View Drive","
Grand Forks","ND","58201",-97.086338,47.912884
"354","2761 Crossroads Blvd","
Grand Junction","CO","81506",-108.541096,39.114512
"355","243 Northeast Morgan Ln","
Grants Pass","OR","97526",-123.319409,42.461893
"356","600 River Dr South","
Great Falls","MT","59405",-111.307029,47.499039
"357","1201 Lanada Rd","
Greensboro","NC","27407",-79.893456,36.053709
"358","65 West Orchard Park Dr","
Greenville","SC","29615",-82.3380069,34.8582288
"359","1281 South Park Dr.","
Greenwood","IN","46143",-86.075996,39.615588
"360","3962 Jackpot Rd","
Grove City","OH","43123",-83.045397,39.881083
"361","210 Heritage Pkwy","
Gun Barrel City","TX","75156",-96.141529,32.333514
"362","406 Heather Road","
Guthrie","OK","73044",-97.395373,35.881398
"363","42126 Veterans Avenue","
Hammond","LA","70403",-90.455997,30.468844
"364","990 Eisenhower Blvd","
Harrisburg","PA","17111",-76.804667,40.238827
"365","265 N. Hershey Road","
Harrisburg","PA","17112",-76.713731,40.351908
"366","64 Ella Grasso Turnpike","
Windsor Locks","CT","06096",-72.672796,41.919471
"367","109 Lundy Lane","
Hattiesburg","MS","39401",-89.349724,31.327722
"368","701 Washington Street","
Helena","MT","59601",-112.003261,46.591605
"369","9041 Brighton Road","
Henderson","CO","80640",-104.91057,39.861104
"370","12000 Mariposa Rd","
Hesperia","CA","92345",-117.346028,34.468909
"371","1607 Fairgrove Church Rd","
Conover","NC","28613",-81.261841,35.700266
"372","1513 Old Brandon Rd","
Hillsboro","TX","76645",-97.098284,32.017628
"373","1740 E. Oglethorpe Hwy","
Hinesville","GA","31313",-81.567189,31.858523
"374","3312 North Lovington Hwy","
Hobbs","NM","88240",-103.157503,32.736833
"375","291 Financial Dr","
Hollister","MO","65672",-93.232148,36.60644
"376","345 Griffin Bell Dr.","
Hopkinsville","KY","42240",-87.4758,36.824742
"377","721 Southwest Dr","
Horn Lake","MS","38637",-90.002269,34.961608
"378","4253 Central Avenue","
Hot Springs","AR","71913",-93.07142,34.45217
"379","189 Synergy Center Blvd","
Houma","LA","70360",-90.76027,29.6295
"380","5215 I-10 East","
Baytown","TX","77521",-94.97842,29.805595
"381","15510 John F. Kennedy Blvd","
Houston","TX","77032",-95.331143,29.942766
"382","18201 Kenswick Dr","
Humble","TX","77338",-95.295983,29.984473
"383","5520 East Sam Houston Pkwy North","
Houston","TX","77015",-95.162637,29.800763
"384","4424 Westway Park Blvd","
Houston","TX","77041",-95.559334,29.833162
"385","13290 FM 1960 West","
Houston","TX","77065",-95.618152,29.91685
"386","930 Normandy St","
Houston","TX","77015",-95.206672,29.773072
"387","2451 Shadow View Lane","
Houston","TX","77077",-95.600832,29.737882
"388","1625 West Loop South","
Houston","TX","77027",-95.455077,29.750909
"389","4015 Southwest Fwy","
Houston","TX","77027",-95.442798,29.728421
"390","8776 Airport Blvd","
Houston","TX","77061",-95.262145,29.653988
"391","415 FM 1960","
Houston","TX","77073",-95.42332,30.02397
"392","1105 Hwy 146 South","
La Porte","TX","77571",-95.029341,29.652135
"393","3636 NASA Rd 1","
Seabrook","TX","77586",-95.04571,29.564498
"394","24868 I-45 North","
Spring","TX","77386",-95.440443,30.12399
"395","11130 Northwest Fwy","
Houston","TX","77092",-95.465559,29.818348
"396","9034 West Sam Houston Pkwy N","
Houston","TX","77064",-95.550816,29.903976
"397","6790 Southwest Fwy","
Houston","TX","77074",-95.503807,29.714147
"398","12727 Southwest Fwy","
Stafford","TX","77477",-95.584424,29.634697
"399","15225 Katy Fwy","
Houston","TX","77094",-95.651186,29.784262
"400","10850 Harwin Dr","
Houston","TX","77072",-95.5584164,29.7172568
"401","8383 FM 1960 Rd W","
Houston","TX","77070",-95.550371,29.95721
"402","105 Westchester Rd","
Madison","AL","35758",-86.760246,34.67557
"403","4870 University Dr Northwest","
Huntsville","AL","35816",-86.654157,34.737782
"404","124 I-45 North","
Huntsville","TX","77340",-95.57009,30.72013
"405","3416 Martin Luther King Jr. Blvd","
Longview","TX","75602",-94.716599,32.450142
"406","2501 South 25th East","
Idaho Falls","ID","83406",-111.981996,43.475482
"407","2650 Executive Dr","
Indianapolis","IN","46241",-86.258276,39.727076
"408","5316 West Southern Ave","
Indianapolis","IN","46241",-86.250875,39.728237
"409","2251 Manchester Drive","
Plainfield","IN","46168",-86.366833,39.673569
"410","401 E. Washington Street","
Indianapolis","IN","46204",-86.150241,39.76692
"411","2349 Post Dr","
Indianapolis","IN","46219",-86.010772,39.801926
"412","3880 West 92nd St","
Indianapolis","IN","46268",-86.228111,39.919988
"413","5120 Victory Dr","
Indianapolis","IN","46203",-86.080358,39.701993
"414","3945 W Imperial Hwy","
Inglewood","CA","90303",-118.343289,33.931271
"415","204 West Frontage Rd","
Iowa","LA","70647",-93.015651,30.251283
"416","14972 Sand Canyon Ave","
Irvine","CA","92618",-117.75964,33.675935
"417","10 Aero Rd","
Bohemia","NY","11716",-73.09548,40.77974
"418","501 South Pearson Rd","
Pearl","MS","39208",-90.1336,32.263526
"419","593 E. Beasley Road","
Jackson","MS","39206",-90.148583,32.385033
"420","2370 N. Highland Ave","
Jackson","TN","38305",-88.828239,35.668846
"421","4686 Lenoir Ave South","
Jacksonville","FL","32216",-81.597755,30.248193
"422","3199 Hartley Rd","
Jacksonville","FL","32257",-81.628115,30.183811
"423","1902 South Jackson St","
Jacksonville","TX","75766",-95.25418,31.941511
"424","1515 South Coast Dr","
Costa Mesa","CA","92626",-117.920452,33.69137
"425","3320 South Rangeline Rd","
Joplin","MO","64804",-94.478449,37.05306
"426","110 BMT Dr","
Jourdanton","TX","78026",-98.532542,28.925651
"427","34 Fishermans Way","
Jupiter","FL","33477",-80.08641,26.93488
"428","255 Montclair Dr","
Kalispell","MT","59901",-114.292834,48.209704
"429","6901 North West 83rd St","
Kansas City","MO","64152",-94.659977,39.244176
"430","9461 Lenexa Dr","
Lenexa","KS","66215",-94.730346,38.958204
"431","2214 Taney St","
N. Kansas City","MO","64116",-94.558833,39.147033
"432","1025 S. State Hwy. 123","
Karnes City","TX","78118",-97.892806,28.870888
"433","22455 Katy Fwy","
Katy","TX","77450",-95.761667,29.784917
"434","108 3rd Ave","
Kearney","NE","68845",-99.088679,40.672163
"435","560 Greers Chapel Drive NW","
Kennesaw","GA","30144",-84.568255,34.00553
"436","2600 South Quillan Pl","
Kennewick","WA","99338",-119.176478,46.186018
"437","1940 Sidney Baker St","
Kerrville","TX","78028",-99.12034,30.065511
"438","1112 South Fort Hood St","
Killeen","TX","76541",-97.74687,31.10988
"439","3419 Hotel Way","
Kingman","AZ","86409",-114.038899,35.223372
"440","104 May Creek Dr","
Kingsland","GA","31548",-81.663195,30.789723
"441","10150 Airport Pkwy","
Kingsport","TN","37663",-82.431179,36.505221
"442","2151 S Hwy 77","
Kingsville","TX","78363",-97.844655,27.496837
"443","22790 Highway 59 N","
Kingwood","TX","77339",-95.252641,30.047295
"444","126 Cusick Rd","
Alcoa","TN","37701",-83.982284,35.811657
"445","1317 Kirby Road","
Knoxville","TN","37909",-83.999929,35.945744
"446","7534 Conner Rd","
Powell","TN","37849",-83.998219,36.051469
"447","7210 Saddle Rack St","
Knoxville","TN","37914",-83.774636,35.999207
"448","511 Albany Dr.","
Kokomo","IN","46901",-86.124702,40.437956
"449","18869 IH-35 North","
Kyle","TX","78640",-97.847586,30.03152
"450","101 E. 500 N.","
La Verkin
","UT","84745",-113.268244,37.211246
"451","2100 Northeast Evangeline Thruway","
Lafayette","LA","70501",-92.013138,30.252072
"452","312 Meijer Drive","
Lafayette","IN","47905",-86.81547,40.413169
"453","111 Hoffman Drive","
LaGrange","GA","30241",-84.973645,33.039924
"454","1201 West Prien Lake Rd","
Lake Charles","LA","70601",-93.239084,30.197927
"455","1008 Sampson St.","
Westlake","LA","70669",-93.257205,30.246001
"456","70 Kaibab Road","
Page","AZ","86040",-111.476297,36.90552
"457","4315 Lakeland Park Dr","
Lakeland","FL","33809",-81.953759,28.096903
"458","1024 Lakeland Park Center Drive","
Lakeland","FL","33809",-81.971105,28.087763
"459","25 Eastbrook Road","
Ronks","PA","17572",-76.193115,40.023761
"460","7220 Bob Bullock Loop","
Laredo","TX","78041",-99.444551,27.561029
"461","3610 Santa Ursula Ave","
Laredo","TX","78041",-99.50325,27.532
"462","790 Avenida de Mesilla","
Las Cruces","NM","88005",-106.788165,32.292339
"463","1500 Hickory Dr","
Las Cruces","NM","88005",-106.787281,32.290597
"464","3970 Paradise Rd","
Las Vegas","NV","89169",-115.1547,36.116843
"465","6560 Surrey St","
Las Vegas","NV","89119",-115.123732,36.070515
"466","4288 North Nellis Blvd","
Las Vegas","NV","89115",-115.061918,36.238003
"467","9570 W. Sahara Ave","
Las Vegas","NV","89117",-115.303194,36.145679
"468","7101 Cascade Valley Ct","
Las Vegas","NV","89128",-115.247738,36.211531
"469","4975 S. Valley View Blvd","
Las Vegas","NV","89118",-115.190281,36.100521
"470","833 New Loudon Rd","
Latham","NY","12110",-73.75967,42.7511
"471","1408 North West 40th ST","
Lawton","OK","73505",-98.443393,34.624755
"472","5249 West Century Blvd","
Los Angeles","CA","90045",-118.37272,33.94562
"473","140 Dixie Avenue","
Lebanon","TN","37090",-86.301809,36.18129
"474","1308 Entrance Road","
Leesville","LA","71446",-93.237992,31.053792
"475","22769 Three Notch Rd","
California","MD","20619",-76.496884,38.292624
"476","100 Canebrake Dr","
Lexington","KY","40509",-84.385144,37.960743
"477","1920 Stanton Way","
Lexington","KY","40511",-84.481587,38.100612
"478","4433 North 27th St","
Lincoln","NE","68521",-96.683443,40.855042
"479","204 West Centennial Blvd","
Lindale","TX","75771",-95.394899,32.474297
"480","617 South Broadway","
Little Rock","AR","72201",-92.27588,34.74349
"481","4311 Warden Rd","
North Little Rock","AR","72116",-92.220752,34.795032
"482","9 Crossings Court","
Little Rock","AR","72205",-92.398227,34.726675
"483","408 West Commerce Dr","
Bryant","AR","72022",-92.500573,34.620835
"484","7700 Southfront Rd","
Livermore","CA","94551",-121.7006,37.71517
"485","402 Hwy 59 Loop South","
Livingston","TX","77351",-94.95272,30.703468
"486","4832 Bill Gardner Pkwy","
Locust Grove","GA","30248",-84.123613,33.353328
"487","853 S Hwy 89/91","
Logan","UT","84321",-111.83615,41.7165
"488","908 East Hawkins Pkwy","
Longview","TX","75605",-94.732051,32.546855
"489","20 W Pacheco Blvd","
Los Banos","CA","93635",-120.854114,37.057219
"490","12400 Hwy 72 N","
Loudon","TN","37774",-84.389969,35.732989
"491","4125 Preston Hwy.","
Louisville","KY","40213",-85.727949,38.192585
"492","1501 Alliant Ave","
Louisville","KY","40299",-85.536232,38.220454
"493","1450 Cascade Ave","
Loveland","CO","80538",-105.130411,40.408029
"494","Blvd. Aeropuerto 4001","Parque Industrial Interamerican
Apodaca","NL","66600",-100.1405,25.78875
"495","601 Ave Q","
Lubbock","TX","79401",-101.855234,33.589956
"496","5006 Auburn St","
Lubbock","TX","79416",-101.91894,33.60156
"497","6504 I-27 South","
Lubbock","TX","79412",-101.845508,33.535596
"498","4115 Marsha Sharp Fwy","
Lubbock","TX","79407",-101.902077,33.575905
"499","2119 S. 1st St","
Lufkin","TX","75901",-94.725596,31.305239
"500","203 E HWY 90","
Luling","TX","78648",-97.591238,29.655479
"501","104 N. LHS Dr","
Lumberton","TX","77657",-94.218101,30.259229
"502","3320 Candlers Mountain Road","
Lynchburg","VA","24502",-79.175326,37.368325
"503","4300 Alderwood Mall Blvd","
Lynnwood","WA","98036",-122.29134,47.81724
"504","4615 Chambers Rd","
Macon","GA","31206",-83.72213,32.807188
"505","3944 River Pl Dr","
Macon","GA","31210",-83.68522,32.904598
"506","5217 East Terrace Dr","
Madison","WI","53718",-89.291393,43.14345
"507","6950 Nova Way","
Manassas","VA","20109",-77.519177,38.805862
"508","21 Front Street","
Manchester","NH","03102",-71.472708,43.003713
"509","17 West 32nd St","
New York","NY","10001",-73.98662,40.7477
"510","120 Stander Ave","
Mansfield","OH","44903",-82.510474,40.694316
"511","1503 Breckenridge Rd","
Mansfield","TX","76063",-97.141044,32.593238
"512","1524 Colony Rd","
Ripon","CA","95366",-121.141615,37.753437
"513","501 Hwy 2147 West","
Marble Falls","TX","78654",-98.277211,30.561051
"514","6015 East End Blvd South","
Marshall","TX","75672",-94.360425,32.48638
"515","12909 I H 37","
Mathis","TX","78368",-97.817867,28.11077
"516","1137 S. George Nigh Expressway","
McAlester","OK","74501",-95.755517,34.899402
"517","801 S. Ware Rd","
McAllen","TX","78501",-98.26219,26.198981
"518","1120 South 10th Street","
McAllen","TX","78501",-98.233374,26.19321
"519","100 Mill Road","
McDonough","GA","30253",-84.214967,33.459534
"520","6501 Henneman Way","
McKinney","TX","75070",-96.699718,33.138989
"521","350 Bent Creek Blvd.","
Mechanicsburg","PA","17050",-77.030107,40.253855
"522","Carrera 38 # 26-13 Avenida las Palmas con Loma de San Julian El Poblado","
Medellin Colombia","ANT","050016",-75.565508,6.224831
"523","4510 West New Haven Avenue","
Melbourne","FL","32904",-80.7018781,28.0793446
"524","7200 George T. Edwards Dr","
Melbourne","FL","32940",-80.721638,28.231545
"525","2979 Millbranch Rd","
Memphis","TN","38116",-90.006865,35.067586
"526","6069 Macon Cove","
Memphis","TN","38134",-89.861583,35.162763
"527","1236 Primacy Pkwy","
Memphis","TN","38119",-89.862297,35.097984
"528","2839 New Brunswick Rd","
Memphis","TN","38133",-89.781503,35.200804
"529","310 Union Avenue","
Memphis","TN","38103",-90.046275,35.141925
"530","7007 East Expressway 83","
Mercedes","TX","78570",-97.880405,26.159916
"531","800 S Allen Street","
Meridian","ID","83642",-116.356609,43.597644
"532","1400 Roebuck Dr","
Meridian","MS","39301",-88.69152,32.35028
"533","8210 Louisiana St","
Merrillville","IN","46410",-87.31998,41.469543
"534","6530 East Superstition Springs Blvd","
Mesa","AZ","85206",-111.69214,33.385823
"535","3501 NW 42nd Ave","
Miami","FL","33142",-80.264012,25.806535
"536","7401 North West 36th St","
Miami","FL","33166",-80.316887,25.809667
"537","8730 North West 27th St","
Miami","FL","33172",-80.33896,25.79953
"538","10821 Caribbean Blvd","
Cutler Bay","FL","33189",-80.366235,25.579371
"539","7925 North West 154th St","
Miami Lakes","FL","33016",-80.329257,25.913452
"540","2606 North Loop 250 West","
Midland","TX","79707",-102.155281,32.006762
"541","4130 West Wall St","
Midland","TX","79703",-102.122161,31.971819
"542","24 Beaver St","
Milford","MA","01757",-71.486406,42.148936
"543","1839 N Columbia Street","
Milledgeville","GA","31061",-83.248516,33.104168
"544","7141 South 13th St","
Oak Creek","WI","53154",-87.931743,42.914898
"545","5423 North Port Washington Rd","
Glendale","WI","53217",-87.917059,43.115378
"546","2801 Hillside Dr","
Delafield","WI","53018",-88.371977,43.047779
"547","5110 North Port Washington Rd","
Glendale","WI","53217",-87.916214,43.109647
"548","15300 West Rock Ridge Rd","
New Berlin","WI","53151",-88.10518,42.95197
"549","20391 West Bluemound Rd","
Brookfield","WI","53045",-88.165616,43.034957
"550","7815 Nicollet Ave South","
Bloomington","MN","55420",-93.276393,44.860576
"551","5151 American Blvd West","
Bloomington","MN","55437",-93.347332,44.855762
"552","10420 Wayzata Blvd","
Minnetonka","MN","55305",-93.411282,44.973954
"553","7011 Northland Circle","
Brooklyn Park","MN","55428",-93.390783,45.08183
"554","1605 35th Avenue S. W.","
Minot","ND","58701",-101.319525,48.198925
"555","805 Travis St","
Mission","TX","78572",-98.306448,26.196839
"556","5059 North Reserve St","
Missoula","MT","59808",-114.034784,46.911731
"557","815 South Main St","
Moab","UT","84532",-109.547306,38.561476
"558","8946 Sawwood St","
Daphne","AL","36527",-87.854061,30.666209
"559","6104
Hwy 43","
Satsuma","AL","36572",-88.048151,30.870832
"560","5170 Motel Ct","
Mobile","AL","36619",-88.167569,30.584474
"561","816 West I-65 Service Rd South","
Mobile","AL","36609",-88.12949,30.67519
"562","4909 Sisk Rd","
Salida","CA","95368",-121.07822,37.70964
"563","5450 27th St","
Moline","IL","61265",-90.499052,41.456445
"564","1314 West I-20","
Monahans","TX","79756",-102.907087,31.571786
"565","AV. PINO SUAREZ No. 1001","Col. Centro
Monterrey","NL","64000",-100.320107,25.666541
"566","Av. Fidel Velazquez #3000 Col. Central","
Monterrey","NL","64190",-100.337696,25.720653
"567","23090 Sunnymead Blvd","
Moreno Valley","CA","92553",-117.2598,33.939646
"568","2018 Allison St","
Morgan City","LA","70380",-91.18171,29.69577
"569","17043 Condit Rd.","
Morgan Hill","CA","95037",-121.633076,37.133845
"570","5000 Gateway Drive","
Morgantown","WV","26501",-80.013616,39.656936
"571","185 Warbonnet Dr","
Moscow","ID","83843",-117.037499,46.733864
"572","7001 Hwy 63 North","
Moss Point","MS","39563",-88.530419,30.442917
"573","5000 Clover Road","
Mount Laurel","NJ","08054",-74.956402,39.926469
"574","1620 Rotan Ave","
Mt. Pleasant","TX","75455",-95.002912,33.172034
"575","1701 North 32nd Street","
Muskogee","OK","74401",-95.402952,35.766159
"576","4709 North Kings Hwy","
Myrtle Beach","SC","29577",-78.84848,33.723061
"577","1561 21st Ave North","
Myrtle Beach","SC","29577",-78.888858,33.714726
"578","1555 5th Ave South","
Naples","FL","34102",-81.78349,26.13932
"579","185 Bedzel Circle","
Naples","FL","34104",-81.687641,26.15669
"580","2345 Atrium Way","
Nashville","TN","37214",-86.691236,36.155521
"581","531 Donelson Pike","
Nashville","TN","37214",-86.666299,36.146574
"582","4207 Franklin Commons Ct","
Franklin","TN","37067",-86.823339,35.91155
"583","4311 Sidco Dr","
Nashville","TN","37204",-86.761976,36.08397
"584","12441 Carson St","
Hawaiian Gardens","CA","90716",-118.066337,33.832073
"585","365 Hwy 46 South","
New Braunfels","TX","78130",-98.09222,29.699459
"586","22025 US 59","
New Caney","TX","77357",-95.2280169,30.1274498
"587","130 Limekiln Rd.","
New Cumberland","PA","17070",-76.878702,40.214756
"588","400 Sargent Dr","
New Haven","CT","06511",-72.919961,41.294035
"589","611A Queen City Dr","
New Iberia","LA","70560",-91.856625,29.986721
"590","2610 Williams Blvd","
Kenner","LA","70062",-90.240542,30.004417
"591","3100 I-10 Service Rd","
Metairie","LA","70001",-90.154904,29.994746
"592","301 Camp St","
New Orleans","LA","70130",-90.068979,29.950859
"593","794 East I-10 Service Rd","
Slidell","LA","70461",-89.749417,30.28251
"594","5900 Veterans Memorial Blvd","
Metairie","LA","70003",-90.205791,30.005699
"595","50 Terry Pkwy","
Gretna","LA","70056",-90.039192,29.924645
"596","31 West 71st Street","
New York","NY","10023",-73.977703,40.776155
"597","304 Belle Hill Road","
Elkton","MD","21921",-75.803766,39.637612
"598","45 Southeast 32nd St","
Newport","OR","97365",-124.049293,44.615026
"599","6225 Niagara Falls Blvd","
Niagara Falls","NY","14304",-78.99289,43.089578
"600","1387 North Military Hwy","
Norfolk","VA","23502",-76.210997,36.871778
"601","192 Newtown Rd","
Virginia Beach","VA","23462",-76.184553,36.843641
"602","1601B Hwy 17 North","
North Myrtle Beach","SC","29582",-78.65873,33.84463
"603","2600 Eagles Wings Pl","
North Platte","NE","69101",-100.726731,41.108469
"604","6020 West Hospitality Rd","
Tucson","AZ","85743",-111.093134,32.358763
"605","136 Regency Park","
OFallon","IL","62269",-89.938709,38.588545
"606","8465 Enterprise Way","
Oakland","CA","94621",-122.193325,37.742507
"607","20777 Hesperian Blvd","
Hayward","CA","94541",-122.11782,37.664537
"608","3530 SW 36th Ave","
Ocala","FL","34474",-82.182844,29.150842
"609","106 32nd Street","
Ocean City","MD","21842",-75.072791,38.361378
"610","816 North Atlantic Ave","
Daytona Beach","FL","32118",-81.014023,29.239315
"611","4118 Faudree Rd","
Odessa","TX","79765",-102.288743,31.917617
"612","4122 Faudree Road","
Odessa","TX","79765",-102.288553,31.918492
"613","5001 East Bus. I-20","
Odessa","TX","79761",-102.312935,31.873196
"614","3003 West Memorial Rd","
Oklahoma City","OK","73134",-97.570143,35.610715
"615","808 S. Meridian Ave.","
Oklahoma City","OK","73108",-97.600556,35.458611
"616","5653 Tinker Diagonal","
Midwest City","OK","73110",-97.42237,35.446053
"617","2140 Riverwalk Dr","
Moore","OK","73160",-97.49318,35.319147
"618","930 Ed Noble Pkwy","
Norman","OK","73072",-97.482773,35.207202
"619","4829 Northwest Expressway","
Oklahoma City","OK","73132",-97.608978,35.545383
"620","11500 West - I 40 Service Rd","
Yukon","OK","73099",-97.726092,35.467032
"621","20570 West 151st St","
Olathe","KS","66061",-94.819061,38.855918
"622","4704 Park Center Ave Northeast","
Lacey","WA","98516",-122.821183,47.049379
"623","1201 Ave H","
Carter Lake","IA","51510",-95.914052,41.281023
"624","3330 North 104th Ave","
Omaha","NE","68134",-96.075383,41.289464
"625","10760 M St","
Omaha","NE","68127",-96.079951,41.211681
"626","3555 Inland Empire Blvd","
Ontario","CA","91764",-117.572896,34.07152
"627","2721 Hotel Terrace","
Santa Ana","CA","92705",-117.85324,33.71015
"628","2220 Hwy 62 South","
Orange","TX","77630",-93.820249,30.112789
"629","521 West University Pkwy","
Orem","UT","84058",-111.708174,40.272696
"630","1100 West 780 North","
Orem","UT","84057",-111.722159,40.311346
"631","7160 North Frontage Rd","
Orlando","FL","32812",-81.312991,28.459061
"632","7931 Daetwyler Dr","
Orlando","FL","32812",-81.338811,28.452227
"633","8504 Universal Blvd","
Orlando","FL","32819",-81.468404,28.440714
"634","5825 International Dr","
Orlando","FL","32819",-81.46011,28.46313
"635","1060 Greenwood Blvd","
Lake Mary","FL","32746",-81.364027,28.748653
"636","2051 Consulate Dr","
Orlando","FL","32837",-81.405644,28.428448
"637","11805 Research Pkwy","
Orlando","FL","32826",-81.207217,28.588528
"638","5621 Major Blvd","
Orlando","FL","32819",-81.45298,28.481027
"639","63 King Street East","
Oshawa","ON","L1H1B4",-78.861257,43.898034
"640","1886 Rath Lane","
Oshkosh","WI","54902",-88.581723,44.03283
"641","10610 Marty St","
Overland Park","KS","66212",-94.67074,38.93515
"642","8949 N Garnett Rd.","
Owasso","OK","74055",-95.847394,36.284741
"643","100 Colonial Drive","
Oxford","AL","36203",-85.790504,33.613421
"644","3960 Coleman Crossing Circle","
Paducah","KY","42001",-88.68294,37.08611
"645","3000 South Loop 256","
Palestine","TX","75801",-95.629281,31.734226
"646","500 W Harvester","
Pampa","TX","79065",-100.970668,35.549916
"647","17710 West Panama City Beach Pkwy","
Panama City Beach","FL","32413",-85.904302,30.236849
"648","7115 Coastal Palms Blvd","
Panama City Beach","FL","32408",-85.761369,30.174413
"649","1030 East 23rd St","
Panama City","FL","32405",-85.642207,30.189363
"650","3205 Northeast Loop 286","
Paris","TX","75460",-95.51776554,33.67347831
"651","2205 Pasadena Freeway","
Pasadena","TX","77506",-95.183269,29.713591
"652","3490 East Sam Houston Pkwy South","
Pasadena","TX","77505",-95.158081,29.658621
"653","2615 Buena Vista Dr","
Paso Robles","CA","93446",-120.671403,35.645172
"654","9002 Broadway St","
Pearland","TX","77584",-95.359365,29.558498
"655","170 Medical Dr","
Pearsall","TX","78061",-99.118953,28.898133
"656","101 South Frontage Road I-20 West","
Pecos","TX","79772",-103.501103,31.395457
"657","7750 North Davis Hwy","
Pensacola","FL","32514",-87.221229,30.50556
"658","4389 Venture Dr","
Peru","IL","61354",-89.129994,41.363135
"659","4607 N Cage Blvd","
Pharr","TX","78577",-98.178405,26.234571
"660","4603 N. Cage Blvd","
Pharr","TX","78577",-98.17921,26.234456
"661","53 Industrial Highway","
Essington","PA","19029",-75.30739,39.867421
"662","15241 South 50th St","
Phoenix","AZ","85044",-111.97356,33.306932
"663","4929 West McDowell Rd","
Phoenix","AZ","85035",-112.16634,33.46581
"664","902 West Grove Ave","
Mesa","AZ","85210",-111.852067,33.390577
"665","2510 W Greenway Rd","
Phoenix","AZ","85023",-112.114636,33.625699
"666","8888 East Shea Blvd","
Scottsdale","AZ","85260",-111.890062,33.583395
"667","911 South 48th St","
Tempe","AZ","85281",-111.977048,33.420344
"668","2725 North Black Canyon Hwy","
Phoenix","AZ","85009",-112.112429,33.479474
"669","16321 North 83rd Ave","
Peoria","AZ","85382",-112.232847,33.634992
"670","219 Emert St","
Pigeon Forge","TN","37863",-83.552852,35.78238
"671","125 Community Center Drive","
Pigeon Forge","TN","37863",-83.579771,35.806506
"672","2410 S Broadway St.","
Pittsburg","KS","66762",-94.706291,37.382809
"673","8507 University Blvd","
Moon Township","PA","15108",-80.222608,40.5079
"674","18 Pratt Rd","
Plainfield","CT","06374",-71.91094,41.664265
"675","6624 Communications Parkway","
Plano","TX","75024",-96.832264,33.062755
"676","7901 Southwest 6th St","
Plantation","FL","33324",-80.25739,26.11385
"677","16 Plaza Blvd","
Plattsburgh","NY","12901",-73.496464,44.697585
"678","7540 118th Ave","
Pleasant Prairie","WI","53158",-87.949722,42.566526
"679","1440 Bench Road","
Pocatello","ID","83201",-112.433173,42.900519
"680","3200 W. Temple Ave.","
Pomona","CA","91768",-117.80381,34.046394
"681","3413 N 14th St","
Ponca City","OK","74601",-97.067042,36.745642
"682","14 Regency Parkway","
Pontoon Beach","IL","62040",-90.071973,38.745169
"683","7540 Memorial Blvd","
Port Arthur","TX","77642",-93.980848,29.937235
"684","812 Kings Hwy","
Port Charlotte","FL","33980",-82.04843,27.017164
"685","910 Hwy 35 North","
Port Lavaca","TX","77979",-96.630024,28.632121
"686","1791 Dunlawton","
Port Orange","FL","32129",-81.028048,29.107523
"687","11207 Northeast Holman St","
Portland","OR","97220",-122.547128,45.568957
"688","4319 NW Yeon Ave","
Portland","OR","97210",-122.730422,45.553342
"689","340 Park Ave","
Portland","ME","04102",-70.28195,43.65567
"690","Calle Las Torres-1 Colonia Reforma","
Poza Rica","VE","93210",-97.437583,20.564131
"691","261 Interstate Commercial Parkloop","
Prattville","AL","36066",-86.40979,32.48599
"692","4499 E State Route 69","
Prescott","AZ","86301",-112.384424,34.551183
"693","Blvd. Audi N. 3 Ciudad Modelo","
San Jose Chiapa","PU","75010",-97.781463,19.226297
"694","Ave. Zeta del Cochero No 407","Col. ReservaTerritorial Atlixcayotl San
Puebla","PU","72810",-98.22969,19.027317
"695","4801 North Elizabeth St","
Pueblo","CO","81008",-104.616446,38.324071
"696","37-18 Queens Blvd","
Long Island City","NY","11101",-73.92823,40.743988
"697","1450 Tyler Ave","
Radford","VA","24141",-80.540369,37.126777
"698","191 Crescent Commons","
Cary","NC","27518",-78.784147,35.735803
"699","2211 Summit Park Ln","
Raleigh","NC","27612",-78.676053,35.833622
"700","1001 Aerial Center Pkwy","
Morrisville","NC","27560",-78.816589,35.85856
"701","1001 Hospitality Ct","
Morrisville","NC","27560",-78.816956,35.859906
"702","11131 Folsom Blvd","
Rancho Cordova","CA","95670",-121.270881,38.605137
"703","1416 North Elk Vale Rd","
Rapid City","SD","57701",-103.14887,44.09956
"704","128 North Expressway 77","
Raymondville","TX","78580",-97.769971,26.483886
"705","2180 Hilltop Dr","
Redding","CA","96002",-122.357954,40.575875
"706","4001 Market St","
Reno","NV","89502",-119.782373,39.509542
"707","1301 Huguenot Rd","
Midlothian","VA","23113",-77.611606,37.509295
"708","16280 International Street","
Doswell","VA","23047",-77.446414,37.849904
"709","9040 Pams Ave","
Richmond","VA","23237",-77.427581,37.401114
"710","1751 Lexington Rd","
Richmond","KY","40475",-84.312822,37.769434
"711","600 Wapiti Ct","
Rifle","CO","81650",-107.77357,39.52396
"712","140 Sheraton Dr","
Salem","VA","24153",-80.032353,37.321267
"713","4353 Canal Place SE","
Rochester","MN","55904",-92.46287,43.959183
"714","7401 Walton St.","
Rockford","IL","61108",-88.971828,42.268576
"715","2921 Highway 35 N","
Rockport","TX","78382",-97.041797,28.058097
"716","689 East Interstate 30","
Rockwall","TX","75087",-96.469065,32.896964
"717","15 Chateau Dr","
Rome","GA","30161",-85.153265,34.222206
"718","28332 Southwest Fwy 59","
Rosenberg","TX","77471",-95.811751,29.532868
"719","200 East 19th St","
Roswell","NM","88201",-104.519935,33.415771
"720","150 Parker Dr","
Austin","TX","78728",-97.674186,30.474859
"721","26147 US Highway 70","
Ruidoso Downs","NM","88346",-105.621959,33.326486
"722","111 East Harrell Dr","
Russellville","AR","72802",-93.135191,35.303822
"723","200 Jibboom St","
Sacramento","CA","95811",-121.505185,38.597887
"724","4604 Madison Ave","
Sacramento","CA","95841",-121.357287,38.659677
"725","8 Keewaydin Dr","
Salem","NH","03079",-71.245871,42.774373
"726","890 Hawthorne Ave Southeast","
Salem","OR","97301",-122.99615,44.920551
"727","201 East Diamond Drive","
Salina","KS","67401",-97.610458,38.878368
"728","300 South Salisbury Blvd","
Salisbury","MD","21801",-75.596638,38.364309
"729","4905 West Wiley Post Way","
Salt Lake City","UT","84116",-112.008206,40.773405
"730","1965 North 1200 West","
Layton","UT","84041",-111.987963,41.088349
"731","7231 South Catalpa St","
Midvale","UT","84047",-111.902494,40.619935
"732","3540 South 2200 West","
Salt Lake City","UT","84119",-111.94858,40.695563
"733","2307 Loop 306","
San Angelo","TX","76904",-100.475807,31.416031
"734","850 Halm Blvd","
San Antonio","TX","78216",-98.481047,29.518862
"735","3180 Goliad Rd","
San Antonio","TX","78223",-98.429394,29.35111
"736","100 W. Cesar Chavez Blvd","
San Antonio","TX","78204",-98.497408,29.420247
"737","6111 IH-10 East","
San Antonio","TX","78219",-98.3625966,29.445694
"738","6410 I-35 North","
San Antonio","TX","78218",-98.401802,29.488601
"739","12822 I-35 North","
San Antonio","TX","78233",-98.34608,29.555856
"740","6511 West Military Drive","
San Antonio","TX","78227",-98.627563,29.400525
"741","900 Dolorosa St","
San Antonio","TX","78207",-98.499488,29.424297
"742","4431 Horizon Hill Blvd","
San Antonio","TX","78229",-98.555667,29.51654
"743","1017 N Loop 1604 E","
San Antonio","TX","78232",-98.478011,29.611989
"744","11155 West Loop 1604 North","
San Antonio","TX","78254",-98.675087,29.545977
"745","303 Blum St","
San Antonio","TX","78205",-98.482471,29.423821
"746","7134 Northwest Loop 410","
San Antonio","TX","78238",-98.628099,29.454693
"747","7202 South Pan Am Expwy","
San Antonio","TX","78224",-98.525624,29.355711
"748","25042 IH-10 West","
San Antonio","TX","78257",-98.633803,29.674402
"749","5922 I-10 West","
San Antonio","TX","78201",-98.533714,29.483886
"750","205 East Hospitality Ln","
San Bernardino","CA","92408",-117.28313,34.065754
"751","760 Macadamia Dr","
Carlsbad","CA","92011",-117.31404,33.10635
"752","150 Bonita Rd","
Chula Vista","CA","91910",-117.062048,32.647389
"753","10185 Paseo Montril","
San Diego","CA","92129",-117.106399,32.950618
"754","4610 De Soto Street","
San Diego","CA","92109",-117.217931,32.80693
"755","937 North Coast Hwy","
Oceanside","CA","92054",-117.384496,33.202764
"756","2380 Moore St","
San Diego","CA","92110",-117.194662,32.749279
"757","641 Camino Del Rio South","
San Diego","CA","92108",-117.15845,32.76354
"758","630 Sycamore Ave","
Vista","CA","92083",-117.216998,33.166746
"759","20 Airport Blvd","
South San Francisco","CA","94080",-122.407538,37.650684
"760","1390 El Camino Real","
Millbrae","CA","94030",-122.400903,37.610262
"761","2585 Seaboard Ave","
San Jose","CA","95131",-121.938551,37.37815
"762","Av. Benito Juarez 1230 B (Carretera 57) Col. Valle Dorado Zona Hotelera","
San Luis Potosi","SL","78399",-100.938992,22.136998
"763","111 Center Point Court","
San Marcos","TX","78666",-97.980113,29.824809
"764","1619 I-35 North","
San Marcos","TX","78666",-97.909926,29.896737
"765","415 Cedar St","
Sandpoint","ID","83864",-116.551927,48.275984
"766","3304 Milan Rd","
Sandusky","OH","44870",-82.682802,41.427237
"767","1601 State Street","
Santa Barbara","CA","93101",-119.710005,34.426869
"768","25201 The Old Rd","
Stevenson Ranch","CA","91381",-118.564751,34.376067
"769","4298 Cerrillos Rd","
Santa Fe","NM","87507",-106.019228,35.635102
"770","2277 Historic Rte 66","
Santa Rosa","NM","88435",-104.66831,34.945491
"771","5931 Commercial Way","
Sarasota","FL","34232",-82.449748,27.340223
"772","1803 North Tamiami Trail","
Sarasota","FL","34234",-82.54716,27.35327
"773","414 Gray St","
Pooler","GA","31322",-81.24062,32.114214
"774","6 Gateway Blvd South","
Savannah","GA","31419",-81.281455,32.002669
"775","6805 Abercorn St","
Savannah","GA","31405",-81.113014,32.015227
"776","8484 Abercorn St","
Savannah","GA","31406",-81.126485,32.000047
"777","17650 Four Oaks Ln","
Schertz","TX","78154",-98.27793,29.605234
"778","504 North Poplar St","
Searcy","AR","72143",-91.690983,35.251415
"779","10530 Northeast Northup Way","
Kirkland","WA","98033",-122.199839,47.642731
"780","2224 8th Ave","
Seattle","WA","98121",-122.339453,47.617643
"781","2824 South 188th St","
Seattle","WA","98188",-122.297016,47.435136
"782","4115 US 27 South","
Sebring","FL","33870",-81.431094,27.461215
"783","350 Lighting Way","
Secaucus","NJ","07094",-74.04943,40.790192
"784","1501 Hwy 46 North","
Seguin","TX","78155",-97.992564,29.581314
"785","2428 Winfield Dunn Pkwy","
Sevierville","TN","37764",-83.583128,35.935254
"786","5401 Enterprise Ct","
Shawnee","OK","74804",-96.91034,35.38522
"787","2932 Kohler Memorial Dr","
Sheboygan","WI","53081",-87.745829,43.757193
"788","2912 Hwy 75 North","
Sherman","TX","75090",-96.611787,33.668303
"789","6700 Financial Circle","
Shreveport","LA","71129",-93.862108,32.449416
"790","560 Silverthorne Ln","
Silverthorne","CO","80498",-106.065643,39.630544
"791","4521 W. 41st Street","
Sioux Falls","SD","57106",-96.782126,43.51451
"792","126 Holiday Blvd","
Slidell","LA","70460",-89.829519,30.311755
"793","2537 Highwood Blvd","
Smyrna","TN","37167",-86.568087,35.969258
"794","2971 Main St West","
Snellville","GA","30078",-84.036491,33.853161
"795","23040 Lincolnway West","
South Bend","IN","46628",-86.313813,41.696511
"796","1285 Williston Rd","
South Burlington","VT","05403",-73.173183,44.467249
"797","7000 Padre Blvd","
South Padre Island","TX","78597",-97.169965,26.137937
"798","9601 N Newport Hwy.","
Spokane","WA","99218",-117.406573,47.744904
"799","3808 North Sullivan Rd","
Spokane Valley","WA","99216",-117.195478,47.691296
"800","1300 South 48th St","
Springdale","AR","72762",-94.18364,36.173909
"801","2445 N. Airport Plaza Avenue","
Springfield","MO","65803",-93.346429,37.242838
"802","1121 Lejune Dr.","
Springfield","IL","62703",-89.641006,39.746292
"803","2535 South Campbell","
Springfield","MO","65807",-93.295728,37.168855
"804","100 Congress Street","
Springfield","MA","01104",-72.595256,42.10948
"805","813 Fairfax Rd","
Saint Albans","VT","05478",-73.072954,44.793862
"806","250 Outlet Mall Blvd","
Saint Augustine","FL","32084",-81.408351,29.918613
"807","91 East 2680 South","
Saint George","UT","84790",-113.58283,37.06301
"808","318 Taylor Rd","
Hazelwood","MO","63042",-90.355232,38.780808
"809","13615 Riverport Drive","
Maryland Heights","MO","63043",-90.463709,38.750752
"810","11805 Lackland Rd","
Saint Louis","MO","63146",-90.434487,38.698237
"811","6638 4th Street North","
St. Petersburg","FL","33702",-82.638751,27.83342
"812","135 Harvard Ave","
Stamford","CT","06902",-73.56222,41.04371
"813","982 Highway 12 East","
Starkville","MS","39759",-88.79391,33.481111
"814","3155 Ingles Ln","
Steamboat Springs","CO","80487",-106.81493,40.4484
"815","105 Christy Plaza","
Stephenville","TX","76401",-98.241886,32.201662
"816","4917 Main St","
Stevens Point","WI","54481",-89.532148,44.523108
"817","5285 West 6th Ave","
Stillwater","OK","74074",-97.130835,36.114559
"818","2710 West March Ln","
Stockton","CA","95219",-121.344469,37.983028
"819","349 Liberty St","
Pawcatuck","CT","06379",-71.844755,41.397592
"820","478 Main St.","
Sturbridge","MA","01518",-72.105111,42.114551
"821","1344 Eaton Dr","
Sulphur Springs","TX","75482",-95.590657,33.118607
"822","106 Merchants Walk Shopping CE","
Summersville","WV","26651",-80.834042,38.298281
"823","13651 Northwest 2nd St","
Sunrise","FL","33325",-80.33133,26.1241
"824","13600 Northwest 2nd St","
Sunrise","FL","33325",-80.331586,26.123616
"825","308 SE Georgia Ave.
","
Sweetwater","TX","79556",-100.3902,32.4524
"826","500 North West Georgia Ave","
Sweetwater","TX","79556",-100.40216,32.45014
"827","1425 East 27th St","
Tacoma","WA","98421",-122.412362,47.239586
"828","2905 N. Monroe St","
Tallahassee","FL","32303",-84.305006,30.481896
"829","4730 W. Spruce St","
Tampa","FL","33607",-82.525897,27.959563
"830","7500 Hwy 19 North","
Pinellas Park","FL","33781",-82.685151,27.840134
"831","310 Grand Regency Blvd","
Brandon","FL","33510",-82.327112,27.943825
"832","602 South Falkenburg Rd","
Tampa","FL","33619",-82.334213,27.944576
"833","3826 West Waters Ave","
Tampa","FL","33614",-82.50636,28.024447
"834","4811 US Hwy 301 North","
Tampa","FL","33610",-82.35804,27.98946
"835","9202 North 30th St","
Tampa","FL","33612",-82.426622,28.033633
"836","17301 Dona Michelle Dr","
Tampa","FL","33647",-82.371109,28.123714
"837","4620 West Gandy Blvd","
Tampa","FL","33611",-82.523198,27.893163
"838","Blvd. Fuerza Armadas","contiguo Mall Las Cascadas
Tegucigalpa","FM","11101",-87.199379,14.075929
"839","500 Steuber Rd","
Tehachapi","CA","93561",-118.413488,35.125946
"840","27330 Jefferson Ave","
Temecula","CA","92590",-117.165236,33.522922
"841","1604 West Barton Ave","
Temple","TX","76504",-97.356682,31.103476
"842","451 E Margaret Ave.","
Terre Haute","IN","47802",-87.410876,39.432477
"843","1614 Hwy 34 South","
Terrell","TX","75160",-96.277571,32.703317
"844","3750 Market Street","
The Colony","TX","75056",-96.897026,33.063722
"845","1320 Newbury Rd","
Thousand Oaks","CA","91320",-118.91002,34.18285
"846","1154 Professional Dr","
Perrysburg","OH","43551",-83.606449,41.549363
"847","14000 Medical Complex Dr","
Tomball","TX","77375",-95.633444,30.084392
"848","2833 Toupal Dr","
Trinidad","CO","81082",-104.521195,37.140491
"849","7001 South Tucson Blvd","
Tucson","AZ","85706",-110.934124,32.124782
"850","6404 East Broadway","
Tucson","AZ","85710",-110.856563,32.220865
"851","102 N. Alvernon Way","
Tucson","AZ","85711",-110.90924,32.223872
"852","2516 South Adams St","
Tucumcari","NM","88401",-103.72305,35.154618
"853","1500 N. Cherry Ct","
Tulare","CA","93274",-119.337097,36.226612
"854","23 North 67th East Ave","
Tulsa","OK","74115",-95.901429,36.161694
"855","2009 S. Cherokee St","
Catoosa","OK","74015",-95.760207,36.167797
"856","6030 East Skelly Dr","
Tulsa","OK","74135",-95.910037,36.103188
"857","4600 Capitol Blvd. SE","
Tumwater","WA","98501",-122.907334,47.006278
"858","1013 North Gloster St","
Tupelo","MS","38804",-88.715579,34.277
"859","4122 McFarland Blvd East","
Tuscaloosa","AL","35405",-87.525463,33.169701
"860","539 Pole Line Road","
Twin Falls","ID","83301",-114.469319,42.591978
"861","2552 S SE Loop 323","
Tyler","TX","75701",-95.26581,32.322261
"862","1601 West Southwest Loop 323","
Tyler","TX","75701",-95.320554,32.303847
"863","6604 Mall Blvd.","
Union City","GA","30291",-84.53781,33.574301
"864","3100 North University Dr","
Coral Springs","FL","33065",-80.250702,26.268403
"865","3701 East Fowler Ave","
Tampa","FL","33612",-82.418114,28.053579
"866","1800 Clubhouse Dr","
Valdosta","GA","31601",-83.327659,30.840363
"867","8640 Alexandra Rd","
Richmond","BC","V6X1C4",-123.127116,49.177832
"868","1500 Northeast 134th St","
Vancouver","WA","98685",-122.6566,45.718201
"869","5818 Valentine Rd","
Ventura","CA","93003",-119.210993,34.251294
"870","5394 Willow Place","
Verona","NY","13478",-75.592526,43.12233
"871","4160 South Frontage Rd","
Vicksburg","MS","39180",-90.839008,32.343138
"872","3107 S Laurent Street","
Victoria","TX","77901",-96.979047,28.76754
"873","7603 N. Navarro St","
Victoria","TX","77904",-96.997811,28.866215
"874","2800 Pacific Ave","
Virginia Beach","VA","23451",-75.97871,36.8564
"875","5438 West Cypress Ave","
Visalia","CA","93277",-119.351445,36.326034
"876","11770 Business Park Dr","
Waldorf","MD","20601",-76.898235,38.640263
"877","13450 Vera McGowan Drive","
Walker","LA","70785",-90.861963,30.473091
"878","776 Silverstone Dr","
Walla Walla","WA","99362",-118.3719,46.067882
"879","4080 Watson Blvd","
Warner Robins","GA","31093",-83.702265,32.615605
"880","36 Jefferson Blvd","
Warwick","RI","02888",-71.435069,41.752326
"881","1910 Stewart Ave","
Wausau","WI","54401",-89.659509,44.959111
"882","311 Stadium Dr","
Waxahachie","TX","75165",-96.836253,32.416577
"883","4300 Carriage Way Drive","
Weatherford","OK","73096",-98.65447,35.534154
"884","1915 Wall St","
Weatherford","TX","76086",-97.790068,32.732303
"885","1905 North Wenatchee Ave","
Wenatchee","WA","98801",-120.333181,47.451634
"886","109 Route 36","
West Long Branch","NJ","07764",-74.019846,40.301176
"887","507 Constitution Dr","
West Monroe","LA","71292",-92.165724,32.509245
"888","5981 Okeechobee Blvd","
West Palm Beach","FL","33417",-80.135171,26.708071
"889","1910 Palm Beach Lakes Blvd","
West Palm Beach","FL","33409",-80.090998,26.716763
"890","5500 West Kellogg Dr","
Wichita","KS","67209",-97.406497,37.673299
"891","1128 Central Fwy North","
Wichita Falls","TX","76306",-98.518713,33.935122
"892","2511 E. Montgomery Place","
Wichita Falls","TX","76308",-98.533224,33.863217
"893","2660 N. Greenwich Ct.","
Wichita","KS","67226",-97.200116,37.731197
"894","1100 West Cataract Lake Rd","
Williams","AZ","86046",-112.196763,35.250828
"895","600 Bypass Road","
Williamsburg","VA","23185",-76.709804,37.283797
"896","8815 Southwest Sun Pl","
Wilsonville","OR","97070",-122.767568,45.336305
"897","1055 Millwood Pike","
Winchester","VA","22602",-78.151929,39.160332
"898","226 Spur 5","
Winnie","TX","77665",-94.38376,29.82996
"899","2020 Griffith Rd","
Winston-Salem","NC","27103",-80.310189,36.062144
"900","120 Arney Road NE","
Woodburn","OR","97071",-122.882499,45.152234
"901","700 Bielenberg Dr.","
Woodbury","MN","55125",-92.954831,44.938679
"902","28673 I-45 North","
The Woodlands","TX","77381",-95.452818,30.180008
"903","6930 FM 1488 Rd","
Magnolia","TX","77354",-95.573212,30.221085
"904","3410 Williams Ave","
Woodward","OK","73801",-99.37608,36.411086
"905","6003 Woodway Dr","
Waco","TX","76712",-97.193129,31.51053
"906","2210 W FM 544","
Wylie","TX","75098",-96.562813,33.00785
"907","1800 East Main St","
Wytheville","VA","24382",-81.060951,36.947718
"908","1405 Kenneth Road","
York","PA","17408",-76.7635667,39.976745
"909","792 Zion Park Blvd.","
Springdale","UT","84767",-112.997305,37.189356
