{"dataset_name":"Hierarchical","data":[{"idP":"data0","xpo":7.2,"ypo":78.89,"color":"#000"},{"idP":"data1","xpo":7.2,"ypo":80.97999999999999,"color":"#000"},{"idP":"data2","xpo":7.2,"ypo":84.13,"color":"#000"},{"idP":"data3","xpo":7.85,"ypo":11.991666666666674,"color":"#000"},{"idP":"data4","xpo":7.85,"ypo":12.799999999999997,"color":"#000"},{"idP":"data5","xpo":8.45,"ypo":12.375,"color":"#000"},{"idP":"data6","xpo":8.3,"ypo":76.2,"color":"#000"},{"idP":"data7","xpo":8.3,"ypo":82.05,"color":"#000"},{"idP":"data8","xpo":8.8,"ypo":79.95,"color":"#000"},{"idP":"data9","xpo":8.8,"ypo":87.27000000000001,"color":"#000"},{"idP":"data10","xpo":8.972727272727273,"ypo":12.849999999999994,"color":"#000"},{"idP":"data11","xpo":9.05,"ypo":12.049999999999997,"color":"#000"},{"idP":"data12","xpo":9.35,"ypo":85.1625,"color":"#000"},{"idP":"data13","xpo":9.5,"ypo":12.762500000000003,"color":"#000"},{"idP":"data14","xpo":9.685714285714287,"ypo":12.121428571428567,"color":"#000"},{"idP":"data15","xpo":9.85,"ypo":45.4,"color":"#000"},{"idP":"data16","xpo":9.85,"ypo":47.4,"color":"#000"},{"idP":"data17","xpo":9.85,"ypo":61.6,"color":"#000"},{"idP":"data18","xpo":9.85,"ypo":76.8,"color":"#000"},{"idP":"data19","xpo":9.85,"ypo":83.6,"color":"#000"},{"idP":"data20","xpo":10.25,"ypo":11.966666666666669,"color":"#000"},{"idP":"data21","xpo":10.266666666666667,"ypo":12.700000000000003,"color":"#000"},{"idP":"data22","xpo":10.35,"ypo":49.55,"color":"#000"},{"idP":"data23","xpo":10.35,"ypo":75.2125,"color":"#000"},{"idP":"data24","xpo":10.35,"ypo":89.3625,"color":"#000"},{"idP":"data25","xpo":10.35,"ypo":91.95,"color":"#000"},{"idP":"data26","xpo":10.772727272727273,"ypo":13.045454545454547,"color":"#000"},{"idP":"data27","xpo":10.85,"ypo":12.141666666666666,"color":"#000"},{"idP":"data28","xpo":10.9,"ypo":46.4,"color":"#000"},{"idP":"data29","xpo":10.9,"ypo":50.58,"color":"#000"},{"idP":"data30","xpo":10.9,"ypo":73.12,"color":"#000"},{"idP":"data31","xpo":11.472727272727273,"ypo":12.122727272727275,"color":"#000"},{"idP":"data32","xpo":11.4,"ypo":29.133333333333326,"color":"#000"},{"idP":"data33","xpo":11.4,"ypo":43.8,"color":"#000"},{"idP":"data34","xpo":11.4,"ypo":45.4,"color":"#000"},{"idP":"data35","xpo":11.4,"ypo":47.4,"color":"#000"},{"idP":"data36","xpo":11.4,"ypo":49,"color":"#000"},{"idP":"data37","xpo":11.4,"ypo":51.7,"color":"#000"},{"idP":"data38","xpo":11.4,"ypo":80.5,"color":"#000"},{"idP":"data39","xpo":11.4,"ypo":85.65,"color":"#000"},{"idP":"data40","xpo":11.9,"ypo":2.9599999999999937,"color":"#000"},{"idP":"data41","xpo":11.95,"ypo":12.90625,"color":"#000"},{"idP":"data42","xpo":11.92,"ypo":11.989999999999995,"color":"#000"},{"idP":"data43","xpo":12.55,"ypo":13.416666666666671,"color":"#000"},{"idP":"data44","xpo":12.5,"ypo":45.88,"color":"#000"},{"idP":"data45","xpo":12.4,"ypo":49.55,"color":"#000"},{"idP":"data46","xpo":12.4,"ypo":51.15,"color":"#000"},{"idP":"data47","xpo":12.5,"ypo":53.220000000000006,"color":"#000"},{"idP":"data48","xpo":12.5,"ypo":76.26,"color":"#000"},{"idP":"data49","xpo":12.5,"ypo":89.88,"color":"#000"},{"idP":"data50","xpo":13.15,"ypo":12.366666666666674,"color":"#000"},{"idP":"data51","xpo":13,"ypo":13.450000000000003,"color":"#000"},{"idP":"data52","xpo":13,"ypo":42.25,"color":"#000"},{"idP":"data53","xpo":13,"ypo":43.8,"color":"#000"},{"idP":"data54","xpo":13,"ypo":47.4,"color":"#000"},{"idP":"data55","xpo":13,"ypo":48.55,"color":"#000"},{"idP":"data56","xpo":13,"ypo":70.5,"color":"#000"},{"idP":"data57","xpo":13,"ypo":71.55,"color":"#000"},{"idP":"data58","xpo":13,"ypo":83.1,"color":"#000"},{"idP":"data59","xpo":13,"ypo":93,"color":"#000"},{"idP":"data60","xpo":13.5,"ypo":51.67999999999999,"color":"#000"},{"idP":"data61","xpo":13.5,"ypo":79.37,"color":"#000"},{"idP":"data62","xpo":13.5,"ypo":87.78,"color":"#000"},{"idP":"data63","xpo":13.772727272727272,"ypo":12.340909090909093,"color":"#000"},{"idP":"data64","xpo":14.125,"ypo":13.381249999999994,"color":"#000"},{"idP":"data65","xpo":14,"ypo":43.25,"color":"#000"},{"idP":"data66","xpo":14.05,"ypo":46.9375,"color":"#000"},{"idP":"data67","xpo":14.05,"ypo":50.5625,"color":"#000"},{"idP":"data68","xpo":14,"ypo":52.7,"color":"#000"},{"idP":"data69","xpo":14.05,"ypo":53.725,"color":"#000"},{"idP":"data70","xpo":14,"ypo":73.65,"color":"#000"},{"idP":"data71","xpo":14.35,"ypo":12.200000000000003,"color":"#000"},{"idP":"data72","xpo":14.35,"ypo":12.799999999999997,"color":"#000"},{"idP":"data73","xpo":14.55,"ypo":44.85,"color":"#000"},{"idP":"data74","xpo":14.55,"ypo":49,"color":"#000"},{"idP":"data75","xpo":14.775,"ypo":13.299999999999997,"color":"#000"},{"idP":"data76","xpo":14.940000000000001,"ypo":12.790000000000006,"color":"#000"},{"idP":"data77","xpo":15.05,"ypo":42.25,"color":"#000"},{"idP":"data78","xpo":15.05,"ypo":77.3375,"color":"#000"},{"idP":"data79","xpo":15.05,"ypo":81.5,"color":"#000"},{"idP":"data80","xpo":15.05,"ypo":84.65,"color":"#000"},{"idP":"data81","xpo":15.05,"ypo":90.9375,"color":"#000"},{"idP":"data82","xpo":15.39,"ypo":13.230000000000004,"color":"#000"},{"idP":"data83","xpo":15.65,"ypo":14.108333333333334,"color":"#000"},{"idP":"data84","xpo":15.6,"ypo":45.87,"color":"#000"},{"idP":"data85","xpo":15.55,"ypo":49.55,"color":"#000"},{"idP":"data86","xpo":15.55,"ypo":51.15,"color":"#000"},{"idP":"data87","xpo":15.55,"ypo":54.3,"color":"#000"},{"idP":"data88","xpo":15.55,"ypo":93,"color":"#000"},{"idP":"data89","xpo":15.974999999999998,"ypo":12.829166666666666,"color":"#000"},{"idP":"data90","xpo":15.7,"ypo":13.450000000000003,"color":"#000"},{"idP":"data91","xpo":16.3,"ypo":14.349999999999994,"color":"#000"},{"idP":"data92","xpo":16.1,"ypo":42.25,"color":"#000"},{"idP":"data93","xpo":16.1,"ypo":44.33333333333333,"color":"#000"},{"idP":"data94","xpo":16.1,"ypo":48,"color":"#000"},{"idP":"data95","xpo":16.1,"ypo":52.7,"color":"#000"},{"idP":"data96","xpo":16.1,"ypo":68.9,"color":"#000"},{"idP":"data97","xpo":16.1,"ypo":88.8,"color":"#000"},{"idP":"data98","xpo":16.585714285714285,"ypo":12.378571428571433,"color":"#000"},{"idP":"data99","xpo":16.55,"ypo":12.974999999999994,"color":"#000"},{"idP":"data100","xpo":16.7,"ypo":15.5625,"color":"#000"},{"idP":"data101","xpo":16.6,"ypo":49.55,"color":"#000"},{"idP":"data102","xpo":16.6,"ypo":51.15,"color":"#000"},{"idP":"data103","xpo":16.6,"ypo":71.55,"color":"#000"},{"idP":"data104","xpo":16.6,"ypo":75.2,"color":"#000"},{"idP":"data105","xpo":16.8,"ypo":13.956249999999997,"color":"#000"},{"idP":"data106","xpo":17,"ypo":14.89,"color":"#000"},{"idP":"data107","xpo":17.172727272727272,"ypo":12.11363636363636,"color":"#000"},{"idP":"data108","xpo":17.15,"ypo":12.966666666666669,"color":"#000"},{"idP":"data109","xpo":17.2,"ypo":13.362499999999997,"color":"#000"},{"idP":"data110","xpo":17.27,"ypo":15.655000000000001,"color":"#000"},{"idP":"data111","xpo":17.272727272727273,"ypo":17.22727272727272,"color":"#000"},{"idP":"data112","xpo":17.1,"ypo":44.33333333333333,"color":"#000"},{"idP":"data113","xpo":17.1,"ypo":46.95,"color":"#000"},{"idP":"data114","xpo":17.1,"ypo":86.75,"color":"#000"},{"idP":"data115","xpo":17.385714285714286,"ypo":16.371428571428567,"color":"#000"},{"idP":"data116","xpo":17.6,"ypo":51.65,"color":"#000"},{"idP":"data117","xpo":17.6,"ypo":83.6,"color":"#000"},{"idP":"data118","xpo":17.772727272727273,"ypo":11.650000000000006,"color":"#000"},{"idP":"data119","xpo":17.75,"ypo":12.375,"color":"#000"},{"idP":"data120","xpo":17.619999999999997,"ypo":13.040000000000006,"color":"#000"},{"idP":"data121","xpo":17.85,"ypo":15.450000000000003,"color":"#000"},{"idP":"data122","xpo":17.85,"ypo":17.25,"color":"#000"},{"idP":"data123","xpo":17.85,"ypo":17.849999999999994,"color":"#000"},{"idP":"data124","xpo":17.8,"ypo":18.572222222222223,"color":"#000"},{"idP":"data125","xpo":17.9,"ypo":19.849999999999994,"color":"#000"},{"idP":"data126","xpo":17.7,"ypo":48,"color":"#000"},{"idP":"data127","xpo":17.7,"ypo":53.7,"color":"#000"},{"idP":"data128","xpo":17.7,"ypo":78.35,"color":"#000"},{"idP":"data129","xpo":17.7,"ypo":80.95,"color":"#000"},{"idP":"data130","xpo":17.95,"ypo":16.650000000000006,"color":"#000"},{"idP":"data131","xpo":18.2,"ypo":19,"color":"#000"},{"idP":"data132","xpo":18.3,"ypo":20.688888888888897,"color":"#000"},{"idP":"data133","xpo":18.2,"ypo":42.75,"color":"#000"},{"idP":"data134","xpo":18.2,"ypo":90.4,"color":"#000"},{"idP":"data135","xpo":18.2,"ypo":92.99,"color":"#000"},{"idP":"data136","xpo":18.35,"ypo":11.341666666666669,"color":"#000"},{"idP":"data137","xpo":18.327272727272728,"ypo":12.14090909090909,"color":"#000"},{"idP":"data138","xpo":18.3,"ypo":15.483333333333334,"color":"#000"},{"idP":"data139","xpo":18.45,"ypo":17.441666666666663,"color":"#000"},{"idP":"data140","xpo":18.4,"ypo":17.960000000000008,"color":"#000"},{"idP":"data141","xpo":18.5,"ypo":18.575000000000003,"color":"#000"},{"idP":"data142","xpo":18.45714285714286,"ypo":19.735714285714295,"color":"#000"},{"idP":"data143","xpo":18.5,"ypo":20.383333333333326,"color":"#000"},{"idP":"data144","xpo":18.35,"ypo":16.5,"color":"#000"},{"idP":"data145","xpo":18.9,"ypo":10.305555555555557,"color":"#000"},{"idP":"data146","xpo":18.866666666666667,"ypo":20.70555555555555,"color":"#000"},{"idP":"data147","xpo":18.85,"ypo":22.15833333333333,"color":"#000"},{"idP":"data148","xpo":18.7,"ypo":46.4,"color":"#000"},{"idP":"data149","xpo":18.7,"ypo":48,"color":"#000"},{"idP":"data150","xpo":18.7,"ypo":50.1,"color":"#000"},{"idP":"data151","xpo":18.7,"ypo":74.2,"color":"#000"},{"idP":"data152","xpo":19,"ypo":11.268749999999997,"color":"#000"},{"idP":"data153","xpo":18.75,"ypo":12.450000000000003,"color":"#000"},{"idP":"data154","xpo":18.8,"ypo":17.599999999999994,"color":"#000"},{"idP":"data155","xpo":19.05,"ypo":18.599999999999994,"color":"#000"},{"idP":"data156","xpo":19.05,"ypo":19.799999999999997,"color":"#000"},{"idP":"data157","xpo":19.2,"ypo":43.8,"color":"#000"},{"idP":"data158","xpo":19.2,"ypo":69.97,"color":"#000"},{"idP":"data159","xpo":19.2,"ypo":86.24,"color":"#000"},{"idP":"data160","xpo":19.25,"ypo":52.7,"color":"#000"},{"idP":"data161","xpo":19.45,"ypo":10.025000000000006,"color":"#000"},{"idP":"data162","xpo":19.4,"ypo":10.510000000000005,"color":"#000"},{"idP":"data163","xpo":19.45,"ypo":20.933333333333337,"color":"#000"},{"idP":"data164","xpo":19.4,"ypo":21.67,"color":"#000"},{"idP":"data165","xpo":19.333333333333336,"ypo":11.349999999999994,"color":"#000"},{"idP":"data166","xpo":19.4,"ypo":18.700000000000003,"color":"#000"},{"idP":"data167","xpo":19.4,"ypo":19.700000000000003,"color":"#000"},{"idP":"data168","xpo":19.75,"ypo":11.683333333333337,"color":"#000"},{"idP":"data169","xpo":19.75,"ypo":79.95,"color":"#000"},{"idP":"data170","xpo":19.75,"ypo":82.0375,"color":"#000"},{"idP":"data171","xpo":20.05,"ypo":10.299999999999997,"color":"#000"},{"idP":"data172","xpo":19.85,"ypo":21.325000000000003,"color":"#000"},{"idP":"data173","xpo":20.4,"ypo":9.305555555555557,"color":"#000"},{"idP":"data174","xpo":20.22,"ypo":11.39,"color":"#000"},{"idP":"data175","xpo":20.25,"ypo":46.95,"color":"#000"},{"idP":"data176","xpo":20.25,"ypo":49,"color":"#000"},{"idP":"data177","xpo":20.25,"ypo":51.7,"color":"#000"},{"idP":"data178","xpo":20.25,"ypo":77.35,"color":"#000"},{"idP":"data179","xpo":20.25,"ypo":89.4,"color":"#000"},{"idP":"data180","xpo":20.25,"ypo":92.55,"color":"#000"},{"idP":"data181","xpo":20.7,"ypo":10.155555555555551,"color":"#000"},{"idP":"data182","xpo":20.75,"ypo":73.125,"color":"#000"},{"idP":"data183","xpo":20.95,"ypo":8.700000000000003,"color":"#000"},{"idP":"data184","xpo":21.2,"ypo":9.933333333333337,"color":"#000"},{"idP":"data185","xpo":21.3,"ypo":85.16,"color":"#000"},{"idP":"data186","xpo":21.59,"ypo":8.680000000000007,"color":"#000"},{"idP":"data187","xpo":21.85,"ypo":9.584999999999994,"color":"#000"},{"idP":"data188","xpo":22.172727272727272,"ypo":8.122727272727275,"color":"#000"},{"idP":"data189","xpo":22.066666666666666,"ypo":8.950000000000003,"color":"#000"},{"idP":"data190","xpo":22.3,"ypo":76.26,"color":"#000"},{"idP":"data191","xpo":22.3,"ypo":79.95,"color":"#000"},{"idP":"data192","xpo":22.3,"ypo":82.56,"color":"#000"},{"idP":"data193","xpo":22.45,"ypo":9.341666666666669,"color":"#000"},{"idP":"data194","xpo":22.714285714285715,"ypo":8.07142857142857,"color":"#000"},{"idP":"data195","xpo":22.9,"ypo":87.26,"color":"#000"},{"idP":"data196","xpo":22.9,"ypo":91.41,"color":"#000"},{"idP":"data197","xpo":22.95,"ypo":9.25,"color":"#000"},{"idP":"data198","xpo":23.1,"ypo":8.150000000000006,"color":"#000"},{"idP":"data199","xpo":24.45,"ypo":81.5,"color":"#000"},{"idP":"data200","xpo":24.45,"ypo":85.1625,"color":"#000"},{"idP":"data201","xpo":24.45,"ypo":89.35,"color":"#000"},{"idP":"data202","xpo":28.6,"ypo":49.019999999999996,"color":"#000"},{"idP":"data203","xpo":30.7,"ypo":7.680000000000007,"color":"#000"},{"idP":"data204","xpo":33.3,"ypo":77.32000000000001,"color":"#000"},{"idP":"data205","xpo":35.35,"ypo":33.8,"color":"#000"},{"idP":"data206","xpo":35.35,"ypo":63.75,"color":"#000"},{"idP":"data207","xpo":40.05,"ypo":91.95,"color":"#000"},{"idP":"data208","xpo":47.9,"ypo":19.75,"color":"#000"},{"idP":"data209","xpo":49.95,"ypo":76.775,"color":"#000"},{"idP":"data210","xpo":51,"ypo":56.85,"color":"#000"},{"idP":"data211","xpo":51.5,"ypo":52.17,"color":"#000"},{"idP":"data212","xpo":52.5,"ypo":60.56,"color":"#000"},{"idP":"data213","xpo":54.1,"ypo":30.67,"color":"#000"},{"idP":"data214","xpo":54.1,"ypo":54.279999999999994,"color":"#000"},{"idP":"data215","xpo":55.15,"ypo":48.55,"color":"#000"},{"idP":"data216","xpo":55.15,"ypo":55.325,"color":"#000"},{"idP":"data217","xpo":55.15,"ypo":55.8625,"color":"#000"},{"idP":"data218","xpo":55.65,"ypo":52.175,"color":"#000"},{"idP":"data219","xpo":55.75,"ypo":53.86666666666666,"color":"#000"},{"idP":"data220","xpo":55.65,"ypo":58.975,"color":"#000"},{"idP":"data221","xpo":55.65,"ypo":64.75,"color":"#000"},{"idP":"data222","xpo":56.2,"ypo":55.32000000000001,"color":"#000"},{"idP":"data223","xpo":56.25,"ypo":56.375,"color":"#000"},{"idP":"data224","xpo":56.25,"ypo":54.2375,"color":"#000"},{"idP":"data225","xpo":56.85,"ypo":51.15,"color":"#000"},{"idP":"data226","xpo":56.84285714285714,"ypo":52.607142857142854,"color":"#000"},{"idP":"data227","xpo":56.7,"ypo":56.35,"color":"#000"},{"idP":"data228","xpo":57.2,"ypo":55.33,"color":"#000"},{"idP":"data229","xpo":57.2,"ypo":57.44,"color":"#000"},{"idP":"data230","xpo":57.3,"ypo":51.13333333333333,"color":"#000"},{"idP":"data231","xpo":57.3,"ypo":52.18333333333334,"color":"#000"},{"idP":"data232","xpo":57.8,"ypo":44.32,"color":"#000"},{"idP":"data233","xpo":57.85,"ypo":49.68333333333333,"color":"#000"},{"idP":"data234","xpo":57.9,"ypo":53.3,"color":"#000"},{"idP":"data235","xpo":57.85,"ypo":54.25833333333334,"color":"#000"},{"idP":"data236","xpo":57.8,"ypo":67.9,"color":"#000"},{"idP":"data237","xpo":58.36666666666666,"ypo":50.20833333333333,"color":"#000"},{"idP":"data238","xpo":58.489999999999995,"ypo":52.75,"color":"#000"},{"idP":"data239","xpo":58.45,"ypo":53.55,"color":"#000"},{"idP":"data240","xpo":58.4,"ypo":54.20625,"color":"#000"},{"idP":"data241","xpo":58.5,"ypo":55.30555555555556,"color":"#000"},{"idP":"data242","xpo":58.4375,"ypo":56.40625,"color":"#000"},{"idP":"data243","xpo":58.4,"ypo":57.88333333333334,"color":"#000"},{"idP":"data244","xpo":58.85,"ypo":50.575,"color":"#000"},{"idP":"data245","xpo":58.989999999999995,"ypo":54.55,"color":"#000"},{"idP":"data246","xpo":58.81666666666666,"ypo":57.06666666666666,"color":"#000"},{"idP":"data247","xpo":59.05,"ypo":52.45,"color":"#000"},{"idP":"data248","xpo":59.05,"ypo":53.05,"color":"#000"},{"idP":"data249","xpo":59.05,"ypo":53.65,"color":"#000"},{"idP":"data250","xpo":59.05,"ypo":54.3,"color":"#000"},{"idP":"data251","xpo":59.08571428571429,"ypo":55.40714285714286,"color":"#000"},{"idP":"data252","xpo":59,"ypo":55.870000000000005,"color":"#000"},{"idP":"data253","xpo":58.95,"ypo":57.5,"color":"#000"},{"idP":"data254","xpo":59.35,"ypo":49.025,"color":"#000"},{"idP":"data255","xpo":59.35,"ypo":61.075,"color":"#000"},{"idP":"data256","xpo":59.35,"ypo":64.2125,"color":"#000"},{"idP":"data257","xpo":59.65,"ypo":52.75,"color":"#000"},{"idP":"data258","xpo":59.65,"ypo":53.35,"color":"#000"},{"idP":"data259","xpo":59.65,"ypo":53.95,"color":"#000"},{"idP":"data260","xpo":59.65,"ypo":54.55,"color":"#000"},{"idP":"data261","xpo":59.7,"ypo":55.266666666666666,"color":"#000"},{"idP":"data262","xpo":59.5,"ypo":55.958333333333336,"color":"#000"},{"idP":"data263","xpo":59.85,"ypo":56.3875,"color":"#000"},{"idP":"data264","xpo":59.85,"ypo":58.45,"color":"#000"},{"idP":"data265","xpo":60.25,"ypo":52.733333333333334,"color":"#000"},{"idP":"data266","xpo":60.2,"ypo":53.35,"color":"#000"},{"idP":"data267","xpo":60.25,"ypo":53.983333333333334,"color":"#000"},{"idP":"data268","xpo":60.25,"ypo":54.55833333333334,"color":"#000"},{"idP":"data269","xpo":60.22727272727273,"ypo":55.331818181818186,"color":"#000"},{"idP":"data270","xpo":60.35,"ypo":42.2375,"color":"#000"},{"idP":"data271","xpo":60.35,"ypo":47.4375,"color":"#000"},{"idP":"data272","xpo":60.35,"ypo":49.55,"color":"#000"},{"idP":"data273","xpo":60.35,"ypo":51.1375,"color":"#000"},{"idP":"data274","xpo":60.35,"ypo":57.4375,"color":"#000"},{"idP":"data275","xpo":60.35,"ypo":71.55,"color":"#000"},{"idP":"data276","xpo":60.8,"ypo":54.35,"color":"#000"},{"idP":"data277","xpo":60.9,"ypo":56.36,"color":"#000"},{"idP":"data278","xpo":61.35,"ypo":54.3,"color":"#000"},{"idP":"data279","xpo":61.4,"ypo":46.95,"color":"#000"},{"idP":"data280","xpo":61.542857142857144,"ypo":48.16428571428572,"color":"#000"},{"idP":"data281","xpo":61.4,"ypo":51.15,"color":"#000"},{"idP":"data282","xpo":61.4,"ypo":57.45,"color":"#000"},{"idP":"data283","xpo":61.9,"ypo":52.69,"color":"#000"},{"idP":"data284","xpo":61.95,"ypo":55.925,"color":"#000"},{"idP":"data285","xpo":61.9,"ypo":66.86,"color":"#000"},{"idP":"data286","xpo":62,"ypo":48.516666666666666,"color":"#000"},{"idP":"data287","xpo":62.5,"ypo":50.089999999999996,"color":"#000"},{"idP":"data288","xpo":62.46666666666666,"ypo":56.358333333333334,"color":"#000"},{"idP":"data289","xpo":63,"ypo":46.4,"color":"#000"},{"idP":"data290","xpo":63,"ypo":48,"color":"#000"},{"idP":"data291","xpo":63,"ypo":51.15,"color":"#000"},{"idP":"data292","xpo":63,"ypo":54.3,"color":"#000"},{"idP":"data293","xpo":63,"ypo":55.3,"color":"#000"},{"idP":"data294","xpo":63,"ypo":60,"color":"#000"},{"idP":"data295","xpo":63.5,"ypo":17.08,"color":"#000"},{"idP":"data296","xpo":64.05,"ypo":40.125,"color":"#000"},{"idP":"data297","xpo":64.05,"ypo":46.9375,"color":"#000"},{"idP":"data298","xpo":64.18571428571428,"ypo":49.92857142857143,"color":"#000"},{"idP":"data299","xpo":64.05,"ypo":52.1625,"color":"#000"},{"idP":"data300","xpo":64,"ypo":54.3,"color":"#000"},{"idP":"data301","xpo":64,"ypo":55.3,"color":"#000"},{"idP":"data302","xpo":64.05,"ypo":63.725,"color":"#000"},{"idP":"data303","xpo":64.05,"ypo":74.175,"color":"#000"},{"idP":"data304","xpo":64.55,"ypo":44.85,"color":"#000"},{"idP":"data305","xpo":64.65,"ypo":48.225,"color":"#000"},{"idP":"data306","xpo":64.75,"ypo":49.84166666666667,"color":"#000"},{"idP":"data307","xpo":65.15,"ypo":47.025,"color":"#000"},{"idP":"data308","xpo":65.05,"ypo":51.15,"color":"#000"},{"idP":"data309","xpo":65.05,"ypo":52.7,"color":"#000"},{"idP":"data310","xpo":65.05,"ypo":53.7375,"color":"#000"},{"idP":"data311","xpo":65.05,"ypo":55.3,"color":"#000"},{"idP":"data312","xpo":65.05,"ypo":69.975,"color":"#000"},{"idP":"data313","xpo":65.25,"ypo":47.65,"color":"#000"},{"idP":"data314","xpo":65.2,"ypo":48.35,"color":"#000"},{"idP":"data315","xpo":65.35,"ypo":49.775,"color":"#000"},{"idP":"data316","xpo":65.45,"ypo":48.85,"color":"#000"},{"idP":"data317","xpo":65.55,"ypo":45.8625,"color":"#000"},{"idP":"data318","xpo":65.55,"ypo":66.875,"color":"#000"},{"idP":"data319","xpo":65.75,"ypo":47.05,"color":"#000"},{"idP":"data320","xpo":65.85,"ypo":47.65,"color":"#000"},{"idP":"data321","xpo":65.85,"ypo":48.25,"color":"#000"},{"idP":"data322","xpo":65.95,"ypo":49.45,"color":"#000"},{"idP":"data323","xpo":65.95,"ypo":50.05,"color":"#000"},{"idP":"data324","xpo":66.05,"ypo":48.85,"color":"#000"},{"idP":"data325","xpo":66.1,"ypo":44.85,"color":"#000"},{"idP":"data326","xpo":66.1,"ypo":52.7,"color":"#000"},{"idP":"data327","xpo":66.35,"ypo":47.05,"color":"#000"},{"idP":"data328","xpo":66.45,"ypo":47.65,"color":"#000"},{"idP":"data329","xpo":66.45,"ypo":48.25,"color":"#000"},{"idP":"data330","xpo":66.5,"ypo":49.45,"color":"#000"},{"idP":"data331","xpo":66.55,"ypo":50.075,"color":"#000"},{"idP":"data332","xpo":66.6,"ypo":45.88,"color":"#000"},{"idP":"data333","xpo":66.7,"ypo":48.73125,"color":"#000"},{"idP":"data334","xpo":66.65,"ypo":51.208333333333336,"color":"#000"},{"idP":"data335","xpo":66.6,"ypo":54.8,"color":"#000"},{"idP":"data336","xpo":66.6,"ypo":57.95,"color":"#000"},{"idP":"data337","xpo":66.95,"ypo":47.266666666666666,"color":"#000"},{"idP":"data338","xpo":67,"ypo":47.910000000000004,"color":"#000"},{"idP":"data339","xpo":67.075,"ypo":48.6,"color":"#000"},{"idP":"data340","xpo":67.1,"ypo":51.63333333333334,"color":"#000"},{"idP":"data341","xpo":67.25,"ypo":53.075,"color":"#000"},{"idP":"data342","xpo":67.1,"ypo":61.06666666666666,"color":"#000"},{"idP":"data343","xpo":67.1,"ypo":76.2,"color":"#000"},{"idP":"data344","xpo":67.7,"ypo":52.71666666666666,"color":"#000"},{"idP":"data345","xpo":68.2,"ypo":39.62,"color":"#000"},{"idP":"data346","xpo":68.2,"ypo":44.85,"color":"#000"},{"idP":"data347","xpo":68.2,"ypo":46.4,"color":"#000"},{"idP":"data348","xpo":68.2,"ypo":47.97,"color":"#000"},{"idP":"data349","xpo":68.2,"ypo":49.55,"color":"#000"},{"idP":"data350","xpo":68.7,"ypo":51.7,"color":"#000"},{"idP":"data351","xpo":68.7,"ypo":54.3,"color":"#000"},{"idP":"data352","xpo":69.2,"ypo":43.260000000000005,"color":"#000"},{"idP":"data353","xpo":69.2,"ypo":46.94,"color":"#000"},{"idP":"data354","xpo":69.2,"ypo":48.53,"color":"#000"},{"idP":"data355","xpo":69.2,"ypo":50.57,"color":"#000"},{"idP":"data356","xpo":69.2,"ypo":73.13,"color":"#000"},{"idP":"data357","xpo":69.75,"ypo":68.4375,"color":"#000"},{"idP":"data358","xpo":70.75,"ypo":57.9375,"color":"#000"},{"idP":"data359","xpo":70.75,"ypo":65.275,"color":"#000"},{"idP":"data360","xpo":71.3,"ypo":37.489999999999995,"color":"#000"},{"idP":"data361","xpo":71.3,"ypo":49.019999999999996,"color":"#000"},{"idP":"data362","xpo":71.3,"ypo":76.25,"color":"#000"},{"idP":"data363","xpo":71.3,"ypo":79.92999999999999,"color":"#000"},{"idP":"data364","xpo":71.8,"ypo":41.18333333333333,"color":"#000"},{"idP":"data365","xpo":71.8,"ypo":61.05,"color":"#000"},{"idP":"data366","xpo":72.3,"ypo":67.38,"color":"#000"},{"idP":"data367","xpo":72.9,"ypo":45.39,"color":"#000"},{"idP":"data368","xpo":73.4,"ypo":51.7,"color":"#000"},{"idP":"data369","xpo":73.4,"ypo":55.3,"color":"#000"},{"idP":"data370","xpo":73.4,"ypo":64.2,"color":"#000"},{"idP":"data371","xpo":73.4,"ypo":71.55,"color":"#000"},{"idP":"data372","xpo":73.9,"ypo":69.42999999999999,"color":"#000"},{"idP":"data373","xpo":73.9,"ypo":72.58,"color":"#000"},{"idP":"data374","xpo":73.9,"ypo":74.16,"color":"#000"},{"idP":"data375","xpo":74.45,"ypo":70.5,"color":"#000"},{"idP":"data376","xpo":74.55,"ypo":75.20833333333334,"color":"#000"},{"idP":"data377","xpo":74.45,"ypo":93.0125,"color":"#000"},{"idP":"data378","xpo":74.95,"ypo":68.45,"color":"#000"},{"idP":"data379","xpo":75.05,"ypo":72.71666666666667,"color":"#000"},{"idP":"data380","xpo":75.05,"ypo":73.58333333333334,"color":"#000"},{"idP":"data381","xpo":75.05714285714285,"ypo":76.37142857142857,"color":"#000"},{"idP":"data382","xpo":75,"ypo":75.2,"color":"#000"},{"idP":"data383","xpo":75.45,"ypo":37.5,"color":"#000"},{"idP":"data384","xpo":75.45,"ypo":40.6375,"color":"#000"},{"idP":"data385","xpo":75.45,"ypo":45.3875,"color":"#000"},{"idP":"data386","xpo":75.45,"ypo":47.45,"color":"#000"},{"idP":"data387","xpo":75.45,"ypo":69.4375,"color":"#000"},{"idP":"data388","xpo":75.45,"ypo":71.0375,"color":"#000"},{"idP":"data389","xpo":75.5,"ypo":73.13333333333334,"color":"#000"},{"idP":"data390","xpo":75.5,"ypo":76.8,"color":"#000"},{"idP":"data391","xpo":76.05,"ypo":67.8,"color":"#000"},{"idP":"data392","xpo":76.1,"ypo":72.1375,"color":"#000"},{"idP":"data393","xpo":76.05,"ypo":74.79166666666666,"color":"#000"},{"idP":"data394","xpo":76.5,"ypo":34.95,"color":"#000"},{"idP":"data395","xpo":76.5,"ypo":58.45,"color":"#000"},{"idP":"data396","xpo":76.5,"ypo":65.3,"color":"#000"},{"idP":"data397","xpo":76.6,"ypo":67.62777777777778,"color":"#000"},{"idP":"data398","xpo":76.5,"ypo":69.45,"color":"#000"},{"idP":"data399","xpo":76.65,"ypo":71.36666666666666,"color":"#000"},{"idP":"data400","xpo":76.5,"ypo":72.6,"color":"#000"},{"idP":"data401","xpo":76.5,"ypo":73.65,"color":"#000"},{"idP":"data402","xpo":76.475,"ypo":75.2125,"color":"#000"},{"idP":"data403","xpo":76.5,"ypo":76.2,"color":"#000"},{"idP":"data404","xpo":76.5,"ypo":80.95,"color":"#000"},{"idP":"data405","xpo":77,"ypo":43.260000000000005,"color":"#000"},{"idP":"data406","xpo":77,"ypo":77.34,"color":"#000"},{"idP":"data407","xpo":77.2,"ypo":67.7375,"color":"#000"},{"idP":"data408","xpo":77.1,"ypo":71.03333333333333,"color":"#000"},{"idP":"data409","xpo":77.6,"ypo":50.089999999999996,"color":"#000"},{"idP":"data410","xpo":77.6,"ypo":54.8,"color":"#000"},{"idP":"data411","xpo":77.65,"ypo":72.45833333333334,"color":"#000"},{"idP":"data412","xpo":77.6,"ypo":74.15,"color":"#000"},{"idP":"data413","xpo":77.7,"ypo":67.38333333333334,"color":"#000"},{"idP":"data414","xpo":78.1,"ypo":37.5,"color":"#000"},{"idP":"data415","xpo":78.1,"ypo":62.15,"color":"#000"},{"idP":"data416","xpo":78.1,"ypo":69.45,"color":"#000"},{"idP":"data417","xpo":78.1,"ypo":70.5,"color":"#000"},{"idP":"data418","xpo":78.1,"ypo":71.6625,"color":"#000"},{"idP":"data419","xpo":78.06666666666666,"ypo":72.25,"color":"#000"},{"idP":"data420","xpo":78.25,"ypo":76.2,"color":"#000"},{"idP":"data421","xpo":78.6,"ypo":77.33,"color":"#000"},{"idP":"data422","xpo":78.7,"ypo":76.26666666666667,"color":"#000"},{"idP":"data423","xpo":79.25,"ypo":67.91666666666666,"color":"#000"},{"idP":"data424","xpo":79.2,"ypo":68.4,"color":"#000"},{"idP":"data425","xpo":79.25,"ypo":71.18333333333334,"color":"#000"},{"idP":"data426","xpo":79.15,"ypo":73.6625,"color":"#000"},{"idP":"data427","xpo":79.15,"ypo":75.225,"color":"#000"},{"idP":"data428","xpo":79.65,"ypo":44.85,"color":"#000"},{"idP":"data429","xpo":79.65,"ypo":46.95,"color":"#000"},{"idP":"data430","xpo":79.65,"ypo":60,"color":"#000"},{"idP":"data431","xpo":79.65,"ypo":69.45,"color":"#000"},{"idP":"data432","xpo":79.65,"ypo":72.6,"color":"#000"},{"idP":"data433","xpo":79.65,"ypo":76.2,"color":"#000"},{"idP":"data434","xpo":79.65,"ypo":77.8,"color":"#000"},{"idP":"data435","xpo":79.7,"ypo":67.9,"color":"#000"},{"idP":"data436","xpo":79.7,"ypo":71.51666666666667,"color":"#000"},{"idP":"data437","xpo":80.15,"ypo":41.175,"color":"#000"},{"idP":"data438","xpo":80.15,"ypo":70.5,"color":"#000"},{"idP":"data439","xpo":80.15,"ypo":74.675,"color":"#000"},{"idP":"data440","xpo":80.25,"ypo":75.4,"color":"#000"},{"idP":"data441","xpo":80.7,"ypo":36.96,"color":"#000"},{"idP":"data442","xpo":80.7,"ypo":51.67,"color":"#000"},{"idP":"data443","xpo":80.65,"ypo":55.85,"color":"#000"},{"idP":"data444","xpo":80.7,"ypo":68.92,"color":"#000"},{"idP":"data445","xpo":80.75,"ypo":71.51666666666667,"color":"#000"},{"idP":"data446","xpo":80.65,"ypo":72.6,"color":"#000"},{"idP":"data447","xpo":80.75,"ypo":75.7375,"color":"#000"},{"idP":"data448","xpo":81.2,"ypo":64.2,"color":"#000"},{"idP":"data449","xpo":81.2,"ypo":71.55,"color":"#000"},{"idP":"data450","xpo":81.2,"ypo":77.8,"color":"#000"},{"idP":"data451","xpo":81.2,"ypo":81.5,"color":"#000"},{"idP":"data452","xpo":81.7,"ypo":21.78,"color":"#000"},{"idP":"data453","xpo":81.7,"ypo":34.349999999999994,"color":"#000"},{"idP":"data454","xpo":81.7,"ypo":59,"color":"#000"},{"idP":"data455","xpo":81.7,"ypo":69.97999999999999,"color":"#000"},{"idP":"data456","xpo":81.7,"ypo":73.08,"color":"#000"},{"idP":"data457","xpo":81.7,"ypo":74.15,"color":"#000"},{"idP":"data458","xpo":81.7,"ypo":74.72999999999999,"color":"#000"},{"idP":"data459","xpo":82.2,"ypo":45.4,"color":"#000"},{"idP":"data460","xpo":82.2,"ypo":46.95,"color":"#000"},{"idP":"data461","xpo":82.2,"ypo":71.05,"color":"#000"},{"idP":"data462","xpo":82.2,"ypo":76.8,"color":"#000"},{"idP":"data463","xpo":82.8,"ypo":44.33333333333333,"color":"#000"},{"idP":"data464","xpo":82.95,"ypo":48.725,"color":"#000"},{"idP":"data465","xpo":82.8,"ypo":53.7,"color":"#000"},{"idP":"data466","xpo":82.8,"ypo":72.05,"color":"#000"},{"idP":"data467","xpo":82.8,"ypo":73.65,"color":"#000"},{"idP":"data468","xpo":82.8,"ypo":75.75,"color":"#000"},{"idP":"data469","xpo":83.3,"ypo":45.4,"color":"#000"},{"idP":"data470","xpo":83.3,"ypo":47.46,"color":"#000"},{"idP":"data471","xpo":83.3,"ypo":50.07,"color":"#000"},{"idP":"data472","xpo":83.4,"ypo":49.03333333333333,"color":"#000"},{"idP":"data473","xpo":83.8,"ypo":43.25,"color":"#000"},{"idP":"data474","xpo":83.8,"ypo":66.3,"color":"#000"},{"idP":"data475","xpo":83.8,"ypo":80.5,"color":"#000"},{"idP":"data476","xpo":84.3,"ypo":44.33,"color":"#000"},{"idP":"data477","xpo":84.3,"ypo":45.87,"color":"#000"},{"idP":"data478","xpo":84.3,"ypo":61.07000000000001,"color":"#000"},{"idP":"data479","xpo":84.35,"ypo":39.1,"color":"#000"},{"idP":"data480","xpo":84.35,"ypo":46.95,"color":"#000"},{"idP":"data481","xpo":84.45,"ypo":48.4,"color":"#000"},{"idP":"data482","xpo":84.35,"ypo":50.55,"color":"#000"},{"idP":"data483","xpo":84.95,"ypo":42.9,"color":"#000"},{"idP":"data484","xpo":84.85,"ypo":49.55,"color":"#000"},{"idP":"data485","xpo":84.85,"ypo":57.95,"color":"#000"},{"idP":"data486","xpo":84.9,"ypo":47.983333333333334,"color":"#000"},{"idP":"data487","xpo":85.45,"ypo":41.6,"color":"#000"},{"idP":"data488","xpo":85.35,"ypo":44.85,"color":"#000"},{"idP":"data489","xpo":85.35,"ypo":51.15,"color":"#000"},{"idP":"data490","xpo":85.45,"ypo":52.275,"color":"#000"},{"idP":"data491","xpo":85.54285714285714,"ypo":43.48571428571428,"color":"#000"},{"idP":"data492","xpo":85.85,"ypo":69.4375,"color":"#000"},{"idP":"data493","xpo":85.875,"ypo":41.25,"color":"#000"},{"idP":"data494","xpo":86.08888888888889,"ypo":46.30555555555556,"color":"#000"},{"idP":"data495","xpo":86.04285714285714,"ypo":49.75,"color":"#000"},{"idP":"data496","xpo":85.9,"ypo":52.68333333333334,"color":"#000"},{"idP":"data497","xpo":85.95,"ypo":43.8,"color":"#000"},{"idP":"data498","xpo":86.4,"ypo":35.95,"color":"#000"},{"idP":"data499","xpo":86.4,"ypo":42.230000000000004,"color":"#000"},{"idP":"data500","xpo":86.4,"ypo":50.14,"color":"#000"},{"idP":"data501","xpo":86.45,"ypo":51.56666666666666,"color":"#000"},{"idP":"data502","xpo":86.4,"ypo":54.25,"color":"#000"},{"idP":"data503","xpo":86.4,"ypo":72.59,"color":"#000"},{"idP":"data504","xpo":86.4,"ypo":78.35,"color":"#000"},{"idP":"data505","xpo":86.6,"ypo":46.2,"color":"#000"},{"idP":"data506","xpo":86.9,"ypo":46.5,"color":"#000"},{"idP":"data507","xpo":86.9,"ypo":47.4,"color":"#000"},{"idP":"data508","xpo":86.9,"ypo":51.18333333333333,"color":"#000"},{"idP":"data509","xpo":86.9,"ypo":62.6,"color":"#000"},{"idP":"data510","xpo":87.4,"ypo":41.18,"color":"#000"},{"idP":"data511","xpo":87.4,"ypo":42.230000000000004,"color":"#000"},{"idP":"data512","xpo":87.4,"ypo":44.32,"color":"#000"},{"idP":"data513","xpo":87.4,"ypo":49.55,"color":"#000"},{"idP":"data514","xpo":87.4,"ypo":52.67999999999999,"color":"#000"},{"idP":"data515","xpo":87.4,"ypo":75.72,"color":"#000"},{"idP":"data516","xpo":88.05,"ypo":47.891666666666666,"color":"#000"},{"idP":"data517","xpo":88,"ypo":59.46,"color":"#000"},{"idP":"data518","xpo":88.5,"ypo":44.25,"color":"#000"},{"idP":"data519","xpo":88.5,"ypo":45.4,"color":"#000"},{"idP":"data520","xpo":88.65,"ypo":46.4,"color":"#000"},{"idP":"data521","xpo":88.475,"ypo":47.525,"color":"#000"},{"idP":"data522","xpo":88.5,"ypo":49.55,"color":"#000"},{"idP":"data523","xpo":88.64285714285714,"ypo":50.792857142857144,"color":"#000"},{"idP":"data524","xpo":88.5,"ypo":52.15,"color":"#000"},{"idP":"data525","xpo":88.5,"ypo":65.75,"color":"#000"},{"idP":"data526","xpo":89,"ypo":41.72,"color":"#000"},{"idP":"data527","xpo":89,"ypo":43.260000000000005,"color":"#000"},{"idP":"data528","xpo":89.05,"ypo":48.54166666666667,"color":"#000"},{"idP":"data529","xpo":89,"ypo":72.58,"color":"#000"},{"idP":"data530","xpo":89.1,"ypo":46.4,"color":"#000"},{"idP":"data531","xpo":89.1,"ypo":51.15,"color":"#000"},{"idP":"data532","xpo":89.55,"ypo":36.4875,"color":"#000"},{"idP":"data533","xpo":89.65,"ypo":44.275,"color":"#000"},{"idP":"data534","xpo":89.55,"ypo":45.3875,"color":"#000"},{"idP":"data535","xpo":89.55,"ypo":48.55,"color":"#000"},{"idP":"data536","xpo":89.55,"ypo":52.1625,"color":"#000"},{"idP":"data537","xpo":89.55,"ypo":54.2625,"color":"#000"},{"idP":"data538","xpo":90.15,"ypo":42.35,"color":"#000"},{"idP":"data539","xpo":90.15,"ypo":43.18333333333333,"color":"#000"},{"idP":"data540","xpo":90.05,"ypo":47.4,"color":"#000"},{"idP":"data541","xpo":90.05,"ypo":50.375,"color":"#000"},{"idP":"data542","xpo":90.05,"ypo":63.75,"color":"#000"},{"idP":"data543","xpo":90.1,"ypo":44.33333333333333,"color":"#000"},{"idP":"data544","xpo":90.55,"ypo":45.875,"color":"#000"},{"idP":"data545","xpo":90.55,"ypo":49.025,"color":"#000"},{"idP":"data546","xpo":90.55,"ypo":57.9375,"color":"#000"},{"idP":"data547","xpo":90.55,"ypo":61.075,"color":"#000"},{"idP":"data548","xpo":90.55,"ypo":67.9,"color":"#000"},{"idP":"data549","xpo":90.6,"ypo":42.75,"color":"#000"},{"idP":"data550","xpo":91.1,"ypo":47.46,"color":"#000"},{"idP":"data551","xpo":91.6,"ypo":43.8,"color":"#000"},{"idP":"data552","xpo":91.75,"ypo":44.85,"color":"#000"},{"idP":"data553","xpo":91.6,"ypo":46.4,"color":"#000"},{"idP":"data554","xpo":92.1,"ypo":63.720000000000006,"color":"#000"},{"idP":"data555","xpo":92.2,"ypo":44.86666666666667,"color":"#000"},{"idP":"data556","xpo":93.2,"ypo":7.700000000000003,"color":"#000"},{"idP":"data557","xpo":93.2,"ypo":39.1,"color":"#000"},{"idP":"data558","xpo":93.7,"ypo":58.470000000000006,"color":"#000"},{"idP":"data559","xpo":94.25,"ypo":43.2625,"color":"#000"},{"idP":"data560","xpo":94.25,"ypo":49.025,"color":"#000"},{"idP":"data561","xpo":94.25,"ypo":53.75,"color":"#000"},{"idP":"data562","xpo":95.75,"ypo":93.55,"color":"#000"},{"idP":"data563","xpo":98.85,"ypo":68.9,"color":"#000"}]}