{"dataset_name":"Snake","data":[{"idP":"data0","xpo":"22.59","ypo":67.13,"color":"#000"},{"idP":"data1","xpo":"23.35","ypo":63.37,"color":"#000"},{"idP":"data2","xpo":"23.11","ypo":59.18,"color":"#000"},{"idP":"data3","xpo":"24.12","ypo":56.58,"color":"#000"},{"idP":"data4","xpo":"25.10","ypo":68.97,"color":"#000"},{"idP":"data5","xpo":"25.38","ypo":52.74,"color":"#000"},{"idP":"data6","xpo":"25.36","ypo":64.95,"color":"#000"},{"idP":"data7","xpo":"26.62","ypo":61.31,"color":"#000"},{"idP":"data8","xpo":"26.88","ypo":57.95,"color":"#000"},{"idP":"data9","xpo":"26.39","ypo":51.15,"color":"#000"},{"idP":"data10","xpo":"27.62","ypo":70.25,"color":"#000"},{"idP":"data11","xpo":"27.62","ypo":67.44,"color":"#000"},{"idP":"data12","xpo":"28.14","ypo":54.6,"color":"#000"},{"idP":"data13","xpo":"28.63","ypo":63.73,"color":"#000"},{"idP":"data14","xpo":"29.15","ypo":51.27,"color":"#000"},{"idP":"data15","xpo":"30.91","ypo":54.86,"color":"#000"},{"idP":"data16","xpo":"31.39","ypo":68.64,"color":"#000"},{"idP":"data17","xpo":"31.14","ypo":65.45,"color":"#000"},{"idP":"data18","xpo":"31.67","ypo":52.1,"color":"#000"},{"idP":"data19","xpo":"33.42","ypo":56.55,"color":"#000"},{"idP":"data20","xpo":"33.40","ypo":67.66,"color":"#000"},{"idP":"data21","xpo":"34.93","ypo":53.69,"color":"#000"},{"idP":"data22","xpo":"35.93","ypo":57.67,"color":"#000"},{"idP":"data23","xpo":"37.94","ypo":56.16,"color":"#000"},{"idP":"data24","xpo":"7.01","ypo":67.98,"color":"#000"},{"idP":"data25","xpo":"7.27","ypo":64.47,"color":"#000"},{"idP":"data26","xpo":"7.27","ypo":60.47,"color":"#000"},{"idP":"data27","xpo":"8.26","ypo":73.41,"color":"#000"},{"idP":"data28","xpo":"9.54","ypo":58.33,"color":"#000"},{"idP":"data29","xpo":"10.51","ypo":78.71,"color":"#000"},{"idP":"data30","xpo":"10.53","ypo":70.09,"color":"#000"},{"idP":"data31","xpo":"10.53","ypo":64.72,"color":"#000"},{"idP":"data32","xpo":"10.54","ypo":61.33,"color":"#000"},{"idP":"data33","xpo":"13.02","ypo":81.32,"color":"#000"},{"idP":"data34","xpo":"13.03","ypo":75.13,"color":"#000"},{"idP":"data35","xpo":"13.06","ypo":58.71,"color":"#000"},{"idP":"data36","xpo":"13.81","ypo":61.56,"color":"#000"},{"idP":"data37","xpo":"14.30","ypo":66.59,"color":"#000"},{"idP":"data38","xpo":"15.55","ypo":70.72,"color":"#000"},{"idP":"data39","xpo":"16.04","ypo":77.93,"color":"#000"},{"idP":"data40","xpo":"16.28","ypo":83.36,"color":"#000"},{"idP":"data41","xpo":"18.06","ypo":74.16,"color":"#000"},{"idP":"data42","xpo":"19.55","ypo":86.93,"color":"#000"},{"idP":"data43","xpo":"19.55","ypo":81.89,"color":"#000"},{"idP":"data44","xpo":"20.82","ypo":77.65,"color":"#000"},{"idP":"data45","xpo":"23.31","ypo":89.31,"color":"#000"},{"idP":"data46","xpo":"23.32","ypo":84.8,"color":"#000"},{"idP":"data47","xpo":"24.58","ypo":81.24,"color":"#000"},{"idP":"data48","xpo":"26.83","ypo":90.09,"color":"#000"},{"idP":"data49","xpo":"27.18","ypo":26.549999999999997,"color":"#000"},{"idP":"data50","xpo":"27.19","ypo":22.460000000000008,"color":"#000"},{"idP":"data51","xpo":"28.09","ypo":86.73,"color":"#000"},{"idP":"data52","xpo":"28.10","ypo":82.64,"color":"#000"},{"idP":"data53","xpo":"28.71","ypo":17.42,"color":"#000"},{"idP":"data54","xpo":"29.69","ypo":30.319999999999993,"color":"#000"},{"idP":"data55","xpo":"30.60","ypo":90.49,"color":"#000"},{"idP":"data56","xpo":"31.21","ypo":26.099999999999994,"color":"#000"},{"idP":"data57","xpo":"30.96","ypo":22.269999999999996,"color":"#000"},{"idP":"data58","xpo":"31.62","ypo":82.44,"color":"#000"},{"idP":"data59","xpo":"32.11","ypo":86.91,"color":"#000"},{"idP":"data60","xpo":"32.70","ypo":33.75999999999999,"color":"#000"},{"idP":"data61","xpo":"32.48","ypo":14.680000000000007,"color":"#000"},{"idP":"data62","xpo":"33.72","ypo":25.069999999999993,"color":"#000"},{"idP":"data63","xpo":"33.48","ypo":18.769999999999996,"color":"#000"},{"idP":"data64","xpo":"34.47","ypo":29.67,"color":"#000"},{"idP":"data65","xpo":"34.63","ypo":81.1,"color":"#000"},{"idP":"data66","xpo":"34.87","ypo":90.15,"color":"#000"},{"idP":"data67","xpo":"35.38","ypo":86.04,"color":"#000"},{"idP":"data68","xpo":"36.23","ypo":28.650000000000006,"color":"#000"},{"idP":"data69","xpo":"36.76","ypo":13.120000000000005,"color":"#000"},{"idP":"data70","xpo":"36.97","ypo":38.27,"color":"#000"},{"idP":"data71","xpo":"37.48","ypo":33.09,"color":"#000"},{"idP":"data72","xpo":"37.00","ypo":16.810000000000002,"color":"#000"},{"idP":"data73","xpo":"37.89","ypo":88.23,"color":"#000"},{"idP":"data74","xpo":"38.16","ypo":78.28,"color":"#000"},{"idP":"data75","xpo":"38.49","ypo":31.450000000000003,"color":"#000"},{"idP":"data76","xpo":"38.90","ypo":83.67,"color":"#000"},{"idP":"data77","xpo":"40.24","ypo":36.69,"color":"#000"},{"idP":"data78","xpo":"40.78","ypo":12.280000000000001,"color":"#000"},{"idP":"data79","xpo":"40.98","ypo":41.5,"color":"#000"},{"idP":"data80","xpo":"41.25","ypo":34.50999999999999,"color":"#000"},{"idP":"data81","xpo":"41.66","ypo":85.94,"color":"#000"},{"idP":"data82","xpo":"41.68","ypo":75.59,"color":"#000"},{"idP":"data83","xpo":"41.78","ypo":15.86,"color":"#000"},{"idP":"data84","xpo":"42.17","ypo":80.64,"color":"#000"},{"idP":"data85","xpo":"43.50","ypo":40.81,"color":"#000"},{"idP":"data86","xpo":"44.20","ypo":71.5,"color":"#000"},{"idP":"data87","xpo":"44.49","ypo":45.7,"color":"#000"},{"idP":"data88","xpo":"44.26","ypo":37.26,"color":"#000"},{"idP":"data89","xpo":"44.47","ypo":10.760000000000005,"color":"#000"},{"idP":"data90","xpo":"44.69","ypo":77.69,"color":"#000"},{"idP":"data91","xpo":"45.44","ypo":82.55,"color":"#000"},{"idP":"data92","xpo":"45.80","ypo":16.36,"color":"#000"},{"idP":"data93","xpo":"46.06","ypo":12.620000000000005,"color":"#000"},{"idP":"data94","xpo":"46.71","ypo":74.62,"color":"#000"},{"idP":"data95","xpo":"46.47","ypo":67.64,"color":"#000"},{"idP":"data96","xpo":"46.26","ypo":43.96,"color":"#000"},{"idP":"data97","xpo":"46.76","ypo":39.94,"color":"#000"},{"idP":"data98","xpo":"47.25","ypo":51.88,"color":"#000"},{"idP":"data99","xpo":"47.45","ypo":79.65,"color":"#000"},{"idP":"data100","xpo":"47.48","ypo":62.44,"color":"#000"},{"idP":"data101","xpo":"48.47","ypo":70.53,"color":"#000"},{"idP":"data102","xpo":"48.50","ypo":57.16,"color":"#000"},{"idP":"data103","xpo":"49.27","ypo":47.53,"color":"#000"},{"idP":"data104","xpo":"49.27","ypo":43.19,"color":"#000"},{"idP":"data105","xpo":"49.33","ypo":10.670000000000002,"color":"#000"},{"idP":"data106","xpo":"49.97","ypo":75.9,"color":"#000"},{"idP":"data107","xpo":"50.07","ypo":17.64,"color":"#000"},{"idP":"data108","xpo":"50.08","ypo":13.549999999999997,"color":"#000"},{"idP":"data109","xpo":"50.74","ypo":66.25,"color":"#000"},{"idP":"data110","xpo":"50.77","ypo":51.24,"color":"#000"},{"idP":"data111","xpo":"51.74","ypo":72.7,"color":"#000"},{"idP":"data112","xpo":"51.75","ypo":62.29,"color":"#000"},{"idP":"data113","xpo":"51.76","ypo":58.2,"color":"#000"},{"idP":"data114","xpo":"51.77","ypo":54.94,"color":"#000"},{"idP":"data115","xpo":"51.78","ypo":45.87,"color":"#000"},{"idP":"data116","xpo":"52.75","ypo":69.5,"color":"#000"},{"idP":"data117","xpo":"53.28","ypo":48.8,"color":"#000"},{"idP":"data118","xpo":"53.76","ypo":65.54,"color":"#000"},{"idP":"data119","xpo":"53.84","ypo":19.42,"color":"#000"},{"idP":"data120","xpo":"53.85","ypo":12.260000000000005,"color":"#000"},{"idP":"data121","xpo":"54.02","ypo":62.26,"color":"#000"},{"idP":"data122","xpo":"54.27","ypo":58.26,"color":"#000"},{"idP":"data123","xpo":"54.79","ypo":52.63,"color":"#000"},{"idP":"data124","xpo":"54.85","ypo":15.460000000000008,"color":"#000"},{"idP":"data125","xpo":"57.10","ypo":22.22,"color":"#000"},{"idP":"data126","xpo":"57.11","ypo":13.450000000000003,"color":"#000"},{"idP":"data127","xpo":"58.86","ypo":17.620000000000005,"color":"#000"},{"idP":"data128","xpo":"60.36","ypo":25.789999999999992,"color":"#000"},{"idP":"data129","xpo":"60.63","ypo":14.980000000000004,"color":"#000"},{"idP":"data130","xpo":"61.87","ypo":21.450000000000003,"color":"#000"},{"idP":"data131","xpo":"62.11","ypo":29.799999999999997,"color":"#000"},{"idP":"data132","xpo":"63.00","ypo":25.22,"color":"#000"},{"idP":"data133","xpo":"63.14","ypo":17.269999999999996,"color":"#000"},{"idP":"data134","xpo":"64.88","ypo":30.260000000000005,"color":"#000"},{"idP":"data135","xpo":"65.13","ypo":26.379999999999995,"color":"#000"},{"idP":"data136","xpo":"65.39","ypo":22.590000000000003,"color":"#000"},{"idP":"data137","xpo":"66.15","ypo":19.739999999999995,"color":"#000"},{"idP":"data138","xpo":"67.89","ypo":28.47,"color":"#000"},{"idP":"data139","xpo":"67.90","ypo":24.569999999999993,"color":"#000"},{"idP":"data140","xpo":"67.28","ypo":63.55,"color":"#000"},{"idP":"data141","xpo":"68.09","ypo":62.45,"color":"#000"},{"idP":"data142","xpo":"69.34","ypo":67.88,"color":"#000"},{"idP":"data143","xpo":"70.40","ypo":66.12,"color":"#000"},{"idP":"data144","xpo":"71.36","ypo":63.08,"color":"#000"},{"idP":"data145","xpo":"71.59","ypo":72.37,"color":"#000"},{"idP":"data146","xpo":"73.11","ypo":68.19,"color":"#000"},{"idP":"data147","xpo":"74.10","ypo":75.6,"color":"#000"},{"idP":"data148","xpo":"74.61","ypo":71.6,"color":"#000"},{"idP":"data149","xpo":"76.36","ypo":78.98,"color":"#000"},{"idP":"data150","xpo":"77.12","ypo":74.91,"color":"#000"},{"idP":"data151","xpo":"78.63","ypo":71.67,"color":"#000"},{"idP":"data152","xpo":"80.43","ypo":74.26,"color":"#000"},{"idP":"data153","xpo":"81.40","ypo":69.14,"color":"#000"},{"idP":"data154","xpo":"81.89","ypo":73.29,"color":"#000"},{"idP":"data155","xpo":"82.41","ypo":65.81,"color":"#000"},{"idP":"data156","xpo":"83.15","ypo":70.73,"color":"#000"},{"idP":"data157","xpo":"83.17","ypo":63.15,"color":"#000"},{"idP":"data158","xpo":"86.43","ypo":66.51,"color":"#000"},{"idP":"data159","xpo":"86.43","ypo":63.31,"color":"#000"},{"idP":"data160","xpo":"45.78","ypo":27.86,"color":"#000"},{"idP":"data161","xpo":"47.79","ypo":26.840000000000003,"color":"#000"},{"idP":"data162","xpo":"48.54","ypo":30.5,"color":"#000"},{"idP":"data163","xpo":"49.30","ypo":27.789999999999992,"color":"#000"},{"idP":"data164","xpo":"51.80","ypo":33.09,"color":"#000"},{"idP":"data165","xpo":"51.81","ypo":29.510000000000005,"color":"#000"},{"idP":"data166","xpo":"54.31","ypo":35.83,"color":"#000"},{"idP":"data167","xpo":"54.27","ypo":31.17,"color":"#000"},{"idP":"data168","xpo":"55.07","ypo":32.7,"color":"#000"},{"idP":"data169","xpo":"57.33","ypo":34.53,"color":"#000"},{"idP":"data170","xpo":"58.08","ypo":38.66,"color":"#000"},{"idP":"data171","xpo":"58.33","ypo":36.15,"color":"#000"},{"idP":"data172","xpo":"61.34","ypo":38.12,"color":"#000"},{"idP":"data173","xpo":"62.60","ypo":40.87,"color":"#000"},{"idP":"data174","xpo":"63.85","ypo":43.36,"color":"#000"},{"idP":"data175","xpo":"65.36","ypo":40.42,"color":"#000"},{"idP":"data176","xpo":"67.11","ypo":45.03,"color":"#000"},{"idP":"data177","xpo":"68.12","ypo":40.92,"color":"#000"},{"idP":"data178","xpo":"70.63","ypo":44.26,"color":"#000"},{"idP":"data179","xpo":"72.90","ypo":39.89,"color":"#000"},{"idP":"data180","xpo":"73.90","ypo":43.53,"color":"#000"},{"idP":"data181","xpo":"76.93","ypo":38.16,"color":"#000"},{"idP":"data182","xpo":"77.17","ypo":42.21,"color":"#000"},{"idP":"data183","xpo":"80.44","ypo":40.39,"color":"#000"},{"idP":"data184","xpo":"81.20","ypo":34.96000000000001,"color":"#000"},{"idP":"data185","xpo":"83.46","ypo":38.15,"color":"#000"},{"idP":"data186","xpo":"85.48","ypo":32.400000000000006,"color":"#000"},{"idP":"data187","xpo":"86.73","ypo":36.31,"color":"#000"},{"idP":"data188","xpo":"88.97","ypo":47.91,"color":"#000"},{"idP":"data189","xpo":"89.47","ypo":52.19,"color":"#000"},{"idP":"data190","xpo":"89.48","ypo":42.36,"color":"#000"},{"idP":"data191","xpo":"89.49","ypo":37.5,"color":"#000"},{"idP":"data192","xpo":"90.00","ypo":32.58,"color":"#000"},{"idP":"data193","xpo":"92.48","ypo":53.08,"color":"#000"},{"idP":"data194","xpo":"92.49","ypo":46.5,"color":"#000"},{"idP":"data195","xpo":"92.51","ypo":36.6,"color":"#000"},{"idP":"data196","xpo":"93.00","ypo":44.14,"color":"#000"},{"idP":"data197","xpo":"92.75","ypo":40.31,"color":"#000"},{"idP":"data198","xpo":"93.24","ypo":50.19,"color":"#000"},{"idP":"data199","xpo":28.532239641,"ypo":47.142857143,"color":"#000"}]}